"","Gene","test.type","p_value","log2.mean.Cluster_Other","log2.mean.B_cells","log2fold_change","Auc"
"118","CD74","hurdle",5.86342263400499e-34,0.719121,2.220029,1.500908,0.911
"278","HLA-DRA","hurdle",1.16317030501793e-34,-0.1260448,1.8505844,1.9766292,0.896
"109","CD37","hurdle",1.26644805530331e-54,-1.467379,1.330213,2.797592,0.896
"425","MS4A1","hurdle",4.06940624560633e-81,-3.182419,1.020636,4.203055,0.876
"273","HLA-DPB1","hurdle",3.04073616997255e-29,-0.4368143,1.4279521,1.8647664,0.862
"274","HLA-DQA1","hurdle",1.71118596495215e-35,-1.202476,1.272411,2.474887,0.861
"364","LAPTM5","hurdle",1.20885740538823e-27,-1.061245,1.048873,2.110118,0.829
"272","HLA-DPA1","hurdle",2.50074560444835e-23,-0.3994454,1.3416285,1.7410739,0.824
"279","HLA-DRB1","hurdle",2.3787462048422e-21,-0.04229971,1.50328406,1.54558377,0.818
"123","CD83","hurdle",5.78710055088099e-35,-1.8191985,0.9881489,2.8073474,0.811
"119","CD79A","hurdle",1.50633494071098e-64,-3.0668521,0.8041682,3.8710203,0.808
"280","HLA-DRB5","hurdle",1.60354706307193e-21,-0.7506223,1.0762251,1.8268474,0.795
"276","HLA-DQB1","hurdle",3.49293758587651e-22,-1.1780576,0.8163956,1.9944532,0.784
"115","CD69","hurdle",5.0630206213628e-17,-0.792525,1.068687,1.861212,0.769
"387","LTB","hurdle",1.15495871820933e-22,-1.793672,0.603684,2.397356,0.756
"76","BTG1","hurdle",1.52660252206429e-14,0.948199,1.600446,0.652247,0.75
"542","REL","hurdle",1.60059216463403e-16,-0.6312655,0.7646401,1.3959056,0.742
"730","TSC22D3","hurdle",9.88214689822035e-12,0.5189374,1.3393446,0.8204072,0.739
"448","NR4A2","hurdle",3.55223010789978e-16,-0.3048805,1.0431478,1.3480283,0.737
"112","CD52","hurdle",3.25484552173977e-14,-0.6822014,0.8599924,1.5421938,0.732
"62","BANK1","hurdle",9.35492552323438e-51,-3.27626519,0.004443005,3.280708195,0.728
"646","SMCHD1","hurdle",1.83395731709951e-14,-1.21921,0.3437013,1.5629113,0.707
"749","VPREB3","hurdle",4.93881423087266e-41,-3.2929129,-0.2720936,3.0208193,0.704
"169","CXCR4","hurdle",2.92994815667225e-11,0.07679294,1.20719065,1.13039771,0.698
"435","NCF1","hurdle",7.92092510664764e-20,-2.5917284,-0.1534466,2.4382818,0.694
"528","RAC2","hurdle",4.65185567643562e-12,-1.4549365,0.1972772,1.6522137,0.686
"443","NFKBID","hurdle",1.23937561687442e-23,-2.1717202,0.1437389,2.3154591,0.686
"114","CD55","hurdle",2.92460825637173e-18,-0.7225192,0.6150088,1.337528,0.686
"227","FCMR","hurdle",1.50768649967775e-19,-2.5751951,-0.1395182,2.4356769,0.684
"336","IRF8","hurdle",1.50632629527798e-22,-2.7917659,-0.2333798,2.5583861,0.682
"268","HLA-DMA","hurdle",2.09236291452759e-10,-1.217846,0.2327431,1.4505891,0.679
"275","HLA-DQA2","hurdle",1.00379625757262e-14,-2.0455525,0.1058363,2.1513888,0.678
"191","DUSP2","hurdle",8.62698616061718e-09,-0.5637106,0.7317706,1.2954812,0.677
"253","GPR183","hurdle",7.30269262784262e-10,-1.5633034,0.06025415,1.62355755,0.673
"371","LIMD2","hurdle",4.71777503583327e-11,-1.8119796,-0.0816244,1.7303552,0.669
"407","MEF2C","hurdle",3.96668074135214e-13,-1.569877,0.05592027,1.62579727,0.666
"428","MTRNR2L12","hurdle",7.62406284255493e-06,0.6854108,1.2384334,0.5530226,0.664
"503","POU2F2","hurdle",6.1039842756488e-20,-2.9110716,-0.4124078,2.4986638,0.661
"703","TMEM243","hurdle",1.11143075970313e-13,-1.5521852,-0.03166078,1.52052442,0.66
"101","CCR7","hurdle",1.7384931981544e-11,-2.12339918,-0.06510313,2.05829605,0.66
"153","CORO1A","hurdle",2.03431654161159e-08,-1.4198866,0.01640759,1.43629419,0.659
"376","LINC00926","hurdle",2.82726561199269e-27,-3.1247245,-0.5253187,2.5994058,0.656
"269","HLA-DMB","hurdle",3.34679985651661e-11,-2.2021052,-0.4075568,1.7945484,0.651
"174","CYBA","hurdle",2.9935417743932e-10,-0.8348009,0.3590684,1.1938693,0.651
"506","PPP1R15A","hurdle",4.96976355375477e-07,0.3845476,0.9763152,0.5917676,0.649
"113","CD53","hurdle",4.40333624055366e-07,-1.41449357,-0.06638545,1.34810812,0.649
"390","LY9","hurdle",1.37649339408965e-17,-2.9875638,-0.4907572,2.4968066,0.64
"111","CD48","hurdle",6.15018828151449e-07,-1.527604,-0.1805629,1.3470411,0.64
"107","CD22","hurdle",9.11964977721637e-26,-3.2673266,-0.7757422,2.4915844,0.637
"615","SELL","hurdle",1.84202326902815e-08,-2.1161332,-0.4761238,1.6400094,0.636
"551","RHOH","hurdle",1.37935337920472e-06,-1.4474063,-0.1155119,1.3318944,0.636
"11","ACAP1","hurdle",6.8532619980103e-08,-1.7382492,-0.2922396,1.4460096,0.634
"673","STK4","hurdle",3.55509074367156e-06,-0.7815612,0.2180168,0.999578,0.632
"207","EZR","hurdle",4.0463414852881e-07,-0.1345041,0.6160383,0.7505424,0.631
"266","HERPUD1","hurdle",4.73904195304957e-08,-0.1461279,0.5802778,0.7264057,0.63
"254","GPSM3","hurdle",1.59612599190808e-07,-1.6760014,-0.2967556,1.3792458,0.63
"104","CD19","hurdle",6.63218034442083e-28,-3.2940633,-0.8053215,2.4887418,0.63
"67","BCL2A1","hurdle",3.76129086839333e-11,-2.5853215,-0.4373138,2.1480077,0.63
"15","ADAM28","hurdle",3.55152240174276e-17,-2.990033,-0.690835,2.299198,0.63
"373","LINC-PINT","hurdle",1.18768219763733e-07,-1.3780597,-0.1044594,1.2736003,0.629
"388","LY86","hurdle",3.53860512191608e-13,-2.8897076,-0.7558277,2.1338799,0.628
"386","LSP1","hurdle",2.01693151786815e-05,-1.4774562,-0.3256415,1.1518147,0.628
"36","ANKRD44","hurdle",3.51013797162447e-08,-2.3375933,-0.6337727,1.7038206,0.625
"671","STK17A","hurdle",6.11073925162189e-08,-1.53911,-0.223273,1.315837,0.624
"619","SEPT6","hurdle",1.79205845235023e-07,-1.503026,-0.2249268,1.2780992,0.624
"120","CD79B","hurdle",3.20399398092461e-13,-2.6911716,-0.7581895,1.9329821,0.624
"70","BIRC3","hurdle",3.50887714287775e-05,-0.7599443,0.2596889,1.0196332,0.624
"760","YPEL5","hurdle",6.43311269921233e-07,-0.2915374,0.5082508,0.7997882,0.623
"400","MARCH1","hurdle",6.59881495342612e-15,-3.0366807,-0.8477173,2.1889634,0.623
"201","EPC1","hurdle",4.60706895433629e-10,-0.7832127,0.2234076,1.0066203,0.623
"708","TNFRSF13C","hurdle",4.56254455607612e-24,-3.284665,-0.9816101,2.3030549,0.622
"328","IL2RG","hurdle",1.93641036351053e-06,-1.4199312,-0.3010896,1.1188416,0.622
"210","FAM129C","hurdle",2.7278231972732e-24,-3.301724,-0.8401104,2.4616136,0.622
"287","HVCN1","hurdle",7.52428484615588e-17,-2.973398,-0.778746,2.194652,0.619
"323","IL16","hurdle",1.32636081055823e-11,-2.8083284,-0.8957475,1.9125809,0.617
"154","COTL1","hurdle",1.64786251572321e-05,-1.0059892,-0.1164959,0.8894933,0.616
"122","CD82","hurdle",1.98784719470006e-11,-1.8000241,-0.3141879,1.4858362,0.615
"522","PTPRC","hurdle",1.83394111803997e-05,-0.695573,0.1504875,0.8460605,0.614
"46","ARHGAP24","hurdle",3.10068954619248e-14,-2.7804147,-0.7373398,2.0430749,0.613
"391","LYN","hurdle",3.61857237626098e-14,-2.758154,-0.7099588,2.0481952,0.612
"594","RP5-1171I10.5","hurdle",3.25600880551488e-10,-2.8307021,-0.8544654,1.9762367,0.611
"35","ANKRD37","hurdle",2.00960557186946e-09,-1.30802196,-0.01048428,1.29753768,0.611
"686","TAGAP","hurdle",6.52059217105376e-05,-1.785773,-0.432707,1.353066,0.609
"705","TNF","hurdle",8.1875691322071e-08,-2.081916,-0.568169,1.513747,0.608
"511","PRKCB","hurdle",5.12426821473038e-08,-2.779599,-1.054861,1.724738,0.608
"329","INPP5D","hurdle",2.19877180271525e-08,-2.5809186,-0.8624329,1.7184857,0.608
"291","IGHA1","hurdle",9.63862691052555e-13,-2.4852669,-0.5255489,1.959718,0.606
"232","FCRLA","hurdle",1.61911780533574e-21,-3.304215,-1.177841,2.126374,0.606
"228","FCRL1","hurdle",6.73604715441278e-20,-3.311578,-1.11052,2.201058,0.606
"223","FCER2","hurdle",1.74044251770584e-18,-3.309285,-1.167977,2.141308,0.606
"71","BLK","hurdle",2.91655822605324e-22,-3.304378,-1.080827,2.223551,0.606
"23","AIM2","hurdle",1.5199338891898e-09,-2.997561,-1.020977,1.976584,0.606
"604","RSRP1","hurdle",3.4721117715617e-07,-0.2103568,0.3950193,0.6053761,0.605
"251","GPBP1","hurdle",1.41266000489813e-06,-0.4328837,0.2895664,0.7224501,0.605
"179","CYTIP","hurdle",1.89317002014865e-05,-1.0705524,-0.1525071,0.9180453,0.605
"8","AC079767.4","hurdle",6.0933861784127e-20,-3.292812,-1.059297,2.233515,0.605
"672","STK17B","hurdle",0.000244028784642618,-1.3902326,-0.4208481,0.9693845,0.603
"663","SSH2","hurdle",7.23270167427513e-07,-2.066173,-0.6878003,1.3783727,0.603
"620","SERPINB9","hurdle",8.1223393653848e-06,-2.1105802,-0.7142531,1.3963271,0.603
"488","PIM2","hurdle",9.85161320633055e-06,-2.1487789,-0.7192127,1.4295662,0.603
"365","LAT2","hurdle",6.72208558975529e-08,-2.935862,-1.069022,1.86684,0.603
"675","SWAP70","hurdle",5.39282250471096e-08,-1.5324081,-0.4162284,1.1161797,0.602
"143","CMTM6","hurdle",2.01380632581241e-07,-0.85129126,-0.01252772,0.83876354,0.601
"541","RCSD1","hurdle",3.9142655611611e-06,-2.3595162,-0.9760646,1.3834516,0.598
"167","CTSS","hurdle",2.88362086248456e-05,-1.6108657,-0.4807881,1.1300776,0.598
"295","IGHM","hurdle",2.12062695885936e-11,-2.8036423,-0.6036153,2.200027,0.597
"478","PDE7A","hurdle",1.32805801075117e-08,-2.3523996,-0.7507586,1.601641,0.594
"142","CLECL1","hurdle",5.45769921873113e-11,-3.16039,-1.288953,1.871437,0.594
"706","TNFAIP8","hurdle",5.73543669856751e-06,-1.9628229,-0.6701724,1.2926505,0.592
"699","TMC8","hurdle",8.47854347587084e-07,-2.759823,-1.1824,1.577423,0.591
"707","TNFRSF13B","hurdle",2.23585401533073e-15,-3.308391,-1.297644,2.010747,0.59
"311","IGKV3-20","hurdle",7.01389988072687e-13,-2.6740719,-0.4589836,2.2150883,0.588
"224","FCGR2B","hurdle",6.80714129772229e-10,-2.948726,-1.055701,1.893025,0.588
"614","SEL1L3","hurdle",4.5976871844574e-08,-2.958084,-1.188365,1.769719,0.586
"492","PLCG2","hurdle",4.36068031631512e-07,-2.562118,-1.049493,1.512625,0.586
"189","DRAM2","hurdle",1.07791017573683e-09,-1.5174869,-0.4346879,1.082799,0.585
"77","BTK","hurdle",1.30591589965043e-08,-3.171554,-1.525202,1.646352,0.585
"271","HLA-DOB","hurdle",8.230050623899e-11,-3.149009,-1.342554,1.806455,0.584
"640","SLC2A3","hurdle",0.00369794405605257,-0.5034433,0.134145,0.6375883,0.583
"438","NCOA3","hurdle",1.042150949133e-08,-2.1120234,-0.6779559,1.4340675,0.583
"117","CD72","hurdle",6.32544194562819e-09,-3.110248,-1.370733,1.739515,0.583
"649","SNHG12","hurdle",2.01331331454593e-05,-1.1950026,-0.2624673,0.9325353,0.582
"547","RGS2","hurdle",0.0118859227143189,-1.1732647,-0.3218487,0.851416,0.582
"439","NCR3","hurdle",1.07753743978222e-05,-2.905801,-1.354203,1.551598,0.581
"220","FAM65B","hurdle",0.000168503256834106,-2.497986,-1.274545,1.223441,0.581
"752","VPS37B","hurdle",4.00249130494772e-05,-1.7094733,-0.6017593,1.107714,0.58
"591","RP11-796E2.4","hurdle",3.47323206972603e-05,-2.509434,-1.16556,1.343874,0.58
"286","HSH2D","hurdle",6.92783530122681e-06,-2.695798,-1.241719,1.454079,0.58
"502","POU2AF1","hurdle",6.10691301919635e-10,-3.202944,-1.446254,1.75669,0.579
"63","BASP1","hurdle",3.30384508700679e-08,-2.4171739,-0.9948371,1.4223368,0.578
"467","PARP15","hurdle",9.15750011400321e-10,-3.137637,-1.341167,1.79647,0.577
"352","KIAA0125","hurdle",2.57015404794359e-07,-3.113348,-1.346797,1.766551,0.577
"37","ANXA6","hurdle",0.0002896585242047,-1.1534329,-0.4216818,0.7317511,0.577
"753","WAS","hurdle",0.000497904209230483,-2.567414,-1.251967,1.315447,0.576
"461","P2RY10","hurdle",0.000366649163484021,-2.449827,-1.227333,1.222494,0.575
"384","LPXN","hurdle",0.000815801738758222,-2.367308,-1.133896,1.233412,0.575
"243","GLA","hurdle",1.65430357366199e-11,-1.6707495,-0.2873044,1.3834451,0.575
"78","BTLA","hurdle",1.41430662801902e-06,-2.995165,-1.344917,1.650248,0.575
"595","RP5-887A10.1","hurdle",2.27082774931135e-14,-3.308523,-1.514612,1.793911,0.573
"292","IGHD","hurdle",2.10241890562539e-14,-3.301263,-1.248426,2.052837,0.573
"247","GNG7","hurdle",4.74357690198338e-09,-2.785808,-1.240436,1.545372,0.573
"183","DENND4A","hurdle",1.65805377527753e-06,-2.3103623,-0.9421873,1.368175,0.573
"740","UCP2","hurdle",8.96837872141625e-05,-1.5611049,-0.5988527,0.9622522,0.572
"702","TMEM156","hurdle",8.66429367471492e-05,-2.922494,-1.373344,1.54915,0.572
"608","SASH3","hurdle",4.19133089239104e-05,-2.951846,-1.459859,1.491987,0.572
"504","PPM1K","hurdle",1.44720846098513e-07,-2.0005359,-0.7071165,1.2934194,0.572
"353","KIAA0226L","hurdle",8.2882457297272e-11,-3.239502,-1.53586,1.703642,0.571
"116","CD70","hurdle",4.70582464240534e-10,-3.187095,-1.381891,1.805204,0.571
"108","CD27","hurdle",0.000395990568167191,-2.327073,-1.102651,1.224422,0.571
"18","ADGRE5","hurdle",6.05033656404085e-05,-1.8855732,-0.6951558,1.1904174,0.571
"573","RP11-231C14.7","hurdle",2.60461036636833e-10,-3.23548,-1.631154,1.604326,0.57
"307","IGKC","hurdle",4.82368999860699e-05,-0.4682157,0.4165562,0.8847719,0.57
"655","SP100","hurdle",7.52532932486783e-05,-1.1439033,-0.3780159,0.7658874,0.569
"368","LCP1","hurdle",0.00242933082811303,-1.5777436,-0.7683057,0.8094379,0.569
"110","CD40","hurdle",6.91702682233379e-08,-2.1209389,-0.9434876,1.1774513,0.569
"66","BCL11A","hurdle",1.57975253710528e-11,-3.206057,-1.436217,1.76984,0.569
"617","SEMA7A","hurdle",7.75415699560467e-07,-3.155959,-1.657726,1.498233,0.568
"72","BLNK","hurdle",6.64464102629756e-09,-2.838939,-1.364755,1.474184,0.568
"558","RNASET2","hurdle",9.77351853088108e-05,-0.9896865,-0.2739063,0.7157802,0.567
"361","KYNU","hurdle",1.12023180591734e-05,-2.733656,-1.392531,1.341125,0.567
"58","ATP2A3","hurdle",6.40772751254609e-06,-2.718821,-1.372399,1.346422,0.567
"470","PAX5","hurdle",4.13272815249043e-12,-3.321928,-1.694286,1.627642,0.566
"337","ISG20","hurdle",0.00564111254705464,-0.9328362,-0.2432707,0.6895655,0.566
"529","RALGPS2","hurdle",8.66529361905888e-09,-2.1204469,-0.8950882,1.2253587,0.565
"25","AL928768.3","hurdle",7.82157581960592e-14,-3.312389,-1.361277,1.951112,0.565
"701","TMEM154","hurdle",0.000376389888082345,-2.791327,-1.561566,1.229761,0.564
"554","RILPL2","hurdle",2.46798418323925e-06,-1.418536,-0.4689019,0.9496341,0.564
"546","RGS19","hurdle",4.84398072296258e-06,-2.240328,-1.086778,1.15355,0.563
"334","IRF4","hurdle",0.000184991312054221,-2.849436,-1.481826,1.36761,0.563
"194","EBF1","hurdle",0.000379444881976287,-2.081729,-1.09142,0.990309,0.563
"523","PTPRCAP","hurdle",0.0021948827716024,-2.764535,-1.495655,1.26888,0.562
"293","IGHG1","hurdle",0.00399452657854914,-1.606873,-0.898596,0.708277,0.562
"41","APBB1IP","hurdle",0.00313121549371639,-2.407344,-1.292061,1.115283,0.562
"610","SCIMP","hurdle",2.73130497609238e-07,-3.185394,-1.754039,1.431355,0.561
"270","HLA-DOA","hurdle",1.01954186700622e-05,-2.970642,-1.719899,1.250743,0.561
"250","GPATCH3","hurdle",2.15330311935718e-09,-2.832062,-1.227304,1.604758,0.561
"241","GAPT","hurdle",4.97870745433609e-06,-3.184437,-1.794545,1.389892,0.561
"481","PHACTR1","hurdle",5.25526476064635e-06,-2.662466,-1.245719,1.416747,0.56
"457","OSBPL8","hurdle",0.000204114487050925,-1.4357949,-0.6525686,0.7832263,0.56
"359","KMT2E","hurdle",3.56003548040712e-06,-0.47274526,0.03702701,0.50977227,0.56
"175","CYBB","hurdle",0.000647094883096099,-2.808858,-1.616266,1.192592,0.56
"65","BCAS4","hurdle",4.37121921695837e-06,-2.11739,-1.13846,0.97893,0.56
"51","ARL4A","hurdle",0.0031340927514631,-1.1839089,-0.4731852,0.7107237,0.56
"724","TRIM22","hurdle",0.00104435700953918,-1.7279321,-0.7986799,0.9292522,0.559
"710","TNFSF9","hurdle",0.000336002418262332,-2.79487,-1.441333,1.353537,0.559
"367","LBH","hurdle",0.0276633676185978,-1.314672,-0.623571,0.691101,0.559
"206","EVI2B","hurdle",0.0185188392116231,-2.090547,-1.166947,0.9236,0.559
"13","ACTR3","hurdle",2.3670852946592e-07,-0.7395994,-0.1091643,0.6304351,0.559
"420","MOB1A","hurdle",7.99605080789864e-09,-1.352623,-0.4642984,0.8883246,0.558
"100","CCR6","hurdle",0.00104623260708947,-2.698723,-1.420284,1.278439,0.558
"674","STX7","hurdle",4.83336863687181e-09,-2.0253771,-0.8319317,1.1934454,0.557
"588","RP11-624C23.1","hurdle",8.64350139479989e-11,-3.310756,-1.569161,1.741595,0.557
"533","RASGRP2","hurdle",9.94345328202273e-05,-2.55531,-1.269068,1.286242,0.557
"520","PTPN6","hurdle",9.8412533372358e-05,-2.427563,-1.218996,1.208567,0.557
"436","NCF4","hurdle",0.00437645650453384,-2.738034,-1.712688,1.025346,0.557
"47","ARHGAP25","hurdle",0.0172807116120407,-2.774603,-1.720344,1.054259,0.557
"689","TBC1D10C","hurdle",0.00828881436881974,-2.448885,-1.46845,0.980435,0.556
"621","SESN3","hurdle",0.00138876123667384,-2.309005,-1.262393,1.046612,0.556
"246","GNB5","hurdle",0.000582424584508743,-2.411554,-1.336668,1.074886,0.556
"170","CXCR5","hurdle",1.86982624875166e-05,-3.288519,-1.974995,1.313524,0.556
"28","ALOX5","hurdle",7.92029912269425e-05,-2.851747,-1.73399,1.117757,0.556
"314","IGLC3","hurdle",0.000894986288692673,-2.2635711,-0.9995463,1.2640248,0.555
"310","IGKV3-15","hurdle",4.53189006672566e-09,-3.210358,-1.307586,1.902772,0.555
"791","ZNRD1","hurdle",1.45701934888017e-07,-1.6092972,-0.6248915,0.9844057,0.554
"660","SPIB","hurdle",1.44485281901684e-07,-3.238522,-1.769867,1.468655,0.554
"657","SP140","hurdle",0.0226017426543491,-2.588722,-1.545976,1.042746,0.554
"468","PARVG","hurdle",0.00325576214533516,-2.684494,-1.733741,0.950753,0.554
"715","TRA2B","hurdle",0.000148415540131436,-0.743276,-0.2204499,0.5228261,0.553
"231","FCRL5","hurdle",1.42930808724321e-05,-3.176636,-1.876706,1.29993,0.553
"198","ELF1","hurdle",0.00538842179295835,-0.43620327,0.06552835,0.50173162,0.553
"29","AMD1","hurdle",0.00122609911731977,-0.824035,-0.2493834,0.5746516,0.553
"776","ZNF10","hurdle",0.000158609958235894,-2.309859,-1.13877,1.171089,0.552
"769","ZCCHC7","hurdle",4.6207556610133e-08,-1.9515359,-0.8288302,1.1227057,0.552
"683","TAF1D","hurdle",7.13553716717719e-05,-0.7718995,-0.2150153,0.5568842,0.552
"677","SYK","hurdle",4.53925942781726e-07,-3.028846,-1.713168,1.315678,0.552
"429","MTSS1","hurdle",2.7097866023081e-07,-2.364207,-1.132099,1.232108,0.552
"200","EMP3","hurdle",0.0150566392061891,-1.120503,-0.465876,0.654627,0.552
"61","BACH2","hurdle",1.4329047336459e-05,-2.894435,-1.494585,1.39985,0.552
"59","ATP2B1","hurdle",0.000202525478294945,-1.3023377,-0.5567283,0.7456094,0.552
"49","ARHGAP9","hurdle",0.0285400006151864,-2.289395,-1.388373,0.901022,0.552
"281","HLA-F","hurdle",0.00479030874487239,-1.2120118,-0.5478868,0.664125,0.551
"177","CYSLTR1","hurdle",0.00725047523816063,-2.345984,-1.42747,0.918514,0.551
"667","STAG3","hurdle",5.46842739692874e-05,-3.104386,-2.01139,1.092996,0.55
"235","FNBP1","hurdle",0.00229116228889051,-1.6780011,-0.9052691,0.772732,0.55
"159","CSK","hurdle",0.0122856188732017,-2.360428,-1.445212,0.915216,0.55
"74","BOD1L1","hurdle",1.50769526537647e-07,-1.8663087,-0.8523398,1.0139689,0.55
"773","ZHX2","hurdle",1.43878079983349e-05,-2.749575,-1.449755,1.29982,0.549
"531","RASGEF1B","hurdle",0.0112822027461006,-2.404015,-1.397953,1.006062,0.549
"345","KBTBD8","hurdle",0.000944853699315166,-3.022634,-1.834422,1.188212,0.549
"327","IL2RA","hurdle",6.55470115958427e-05,-2.918612,-1.738835,1.179777,0.549
"199","EML4","hurdle",0.000454169973797197,-1.3601738,-0.5254757,0.8346981,0.549
"698","TLR10","hurdle",1.44405226665417e-06,-3.273714,-2.033298,1.240416,0.548
"451","NRROS","hurdle",2.39545651161594e-05,-3.05794,-1.72519,1.33275,0.548
"313","IGLC2","hurdle",0.0237628723419459,-1.3043058,-0.5113016,0.7930042,0.548
"300","IGHV3-23","hurdle",1.99060828339486e-07,-3.254037,-1.778938,1.475099,0.548
"288","ICAM3","hurdle",0.0054324315415904,-1.865113,-1.092894,0.772219,0.548
"161","CTB-133G6.1","hurdle",7.11324373922041e-07,-3.256523,-1.726855,1.529668,0.548
"88","C1orf186","hurdle",5.07156614363416e-10,-3.284339,-1.714573,1.569766,0.548
"60","ATP6V0C","hurdle",4.17191662341851e-06,-0.54675709,0.01109737,0.55785446,0.548
"550","RHOF","hurdle",0.00542804408596484,-2.519665,-1.463366,1.056299,0.547
"454","ODC1","hurdle",0.00140098936562934,-1.6463384,-0.8566949,0.7896435,0.547
"356","KIAA1551","hurdle",0.0438618907997361,-1.472219,-0.812346,0.659873,0.547
"182","DDX39A","hurdle",4.00956027297352e-05,-1.666366,-0.847265,0.819101,0.547
"166","CTSH","hurdle",0.000159340753532485,-1.2982639,-0.5582122,0.7400517,0.547
"147","COCH","hurdle",2.27420405587414e-06,-3.219802,-2.015213,1.204589,0.547
"719","TRAF3IP3","hurdle",0.0135248738284635,-2.41779,-1.83263,0.58516,0.546
"624","SH3BP5","hurdle",0.00884237458503424,-1.3654936,-0.7071239,0.6583697,0.546
"576","RP11-325F22.2","hurdle",0.000757875432215896,-2.839999,-1.561813,1.278186,0.546
"92","CAMK1D","hurdle",5.64491288898087e-05,-2.632816,-1.529527,1.103289,0.546
"52","ARRDC2","hurdle",0.000488851009121716,-2.198781,-1.224896,0.973885,0.546
"385","LRMP","hurdle",0.0107810670732037,-2.654335,-1.628187,1.026148,0.545
"267","HHEX","hurdle",0.00177108651809096,-2.615949,-1.666226,0.949723,0.545
"252","GPR18","hurdle",0.00712942221357611,-3.126675,-2.041695,1.08498,0.545
"144","CNN2","hurdle",0.0033408765500973,-1.081519,-0.4881012,0.5934178,0.545
"618","SEPT1","hurdle",0.00339918111129016,-2.205286,-1.220272,0.985014,0.544
"234","FGD2","hurdle",0.00035960410328261,-3.166748,-2.041976,1.124772,0.544
"218","FAM49A","hurdle",0.00316035634386319,-2.791331,-1.874858,0.916473,0.544
"146","CNTRL","hurdle",0.000273867698669746,-2.422304,-1.296811,1.125493,0.544
"659","SPI1","hurdle",0.0141149838771581,-2.816169,-1.827987,0.988182,0.543
"357","KLHL18","hurdle",0.000640867602980512,-2.609256,-1.536847,1.072409,0.543
"354","KIAA0922","hurdle",6.86643667875841e-05,-2.728415,-1.481564,1.246851,0.543
"340","ITGAL","hurdle",0.0105822678700882,-2.765236,-1.674331,1.090905,0.543
"211","FAM13B","hurdle",0.00105389745141324,-2.055343,-1.191365,0.863978,0.543
"401","MARCH3","hurdle",9.04222349844417e-05,-2.481006,-1.462841,1.018165,0.542
"139","CKS2","hurdle",0.00456462132506642,-0.9251799,-0.3084652,0.6167147,0.542
"482","PHF1","hurdle",0.00127602567400609,-1.6881415,-0.9678301,0.7203114,0.541
"350","KDM6B","hurdle",0.00091980594300407,-1.2770641,-0.6433161,0.633748,0.541
"216","FAM26F","hurdle",0.0378141555202075,-2.825734,-1.981026,0.844708,0.541
"694","TCL1A","hurdle",1.82992887842741e-05,-3.280141,-2.242189,1.037952,0.54
"629","SIT1","hurdle",0.00100984088483969,-2.946448,-1.710269,1.236179,0.54
"589","RP11-693J15.5","hurdle",4.56066734883304e-09,-3.308859,-1.897092,1.411767,0.54
"452","NT5E","hurdle",0.0240439332201106,-2.884757,-2.030394,0.854363,0.54
"398","MAPK8IP3","hurdle",0.00123460178909716,-2.755337,-1.766845,0.988492,0.54
"351","KHDRBS2","hurdle",4.76027183782455e-05,-3.307417,-2.190697,1.11672,0.54
"339","ITGA4","hurdle",0.0661639809200077,-2.468798,-1.710994,0.757804,0.54
"257","GRAP","hurdle",7.48417680736625e-05,-3.06697,-1.944017,1.122953,0.54
"229","FCRL2","hurdle",6.48437113874887e-08,-3.290516,-1.856788,1.433728,0.54
"87","C1orf132","hurdle",1.54685635248286e-05,-2.490115,-1.459467,1.030648,0.54
"652","SNX22","hurdle",6.92364733435109e-06,-3.282669,-2.061643,1.221026,0.539
"495","PMAIP1","hurdle",0.0365768274345301,-1.303878,-0.75395,0.549928,0.539
"346","KDM2B","hurdle",0.0471175009366775,-2.710117,-1.82841,0.881707,0.539
"343","ITSN2","hurdle",0.000183828057252189,-1.6193253,-0.7993069,0.8200184,0.539
"326","IL27RA","hurdle",0.0227284921813135,-2.449661,-1.636991,0.81267,0.539
"256","GRAMD1C","hurdle",0.00669215320670962,-2.96903,-2.061077,0.907953,0.539
"233","FERMT3","hurdle",0.154365516480476,-2.537952,-1.768031,0.769921,0.539
"720","TRAF5","hurdle",0.00225540250346643,-2.251116,-1.378092,0.873024,0.538
"651","SNX2","hurdle",1.09609056677768e-05,-1.4959581,-0.6959859,0.7999722,0.538
"644","SMAP2","hurdle",0.0276477722011794,-1.885776,-1.148248,0.737528,0.538
"226","FCHSD2","hurdle",0.000277487201656607,-2.528734,-1.561681,0.967053,0.538
"124","CD86","hurdle",0.0124742587149613,-2.923066,-1.91982,1.003246,0.538
"103","CD180","hurdle",3.99208503729395e-09,-3.231999,-1.801112,1.430887,0.538
"697","THEMIS2","hurdle",0.0561521703662629,-2.948723,-2.111473,0.83725,0.537
"692","TBRG1","hurdle",0.00379479542726309,-1.4972517,-0.8632421,0.6340096,0.537
"217","FAM46C","hurdle",0.272534518455946,-1.830795,-1.251795,0.579,0.537
"193","EAF2","hurdle",3.69022839827153e-06,-2.870731,-1.609214,1.261517,0.537
"178","CYTH4","hurdle",0.0893266924357313,-2.918466,-2.190364,0.728102,0.537
"160","CTA-384D8.34","hurdle",7.72022165394598e-06,-3.213676,-2.001432,1.212244,0.537
"137","CIITA","hurdle",0.0332537223675264,-3.015113,-2.26937,0.745743,0.537
"661","SPOCK2","hurdle",0.166702727928491,-2.124164,-1.424406,0.699758,0.536
"625","SHKBP1","hurdle",0.000530109058061633,-2.063678,-1.233028,0.83065,0.536
"564","RP1-313I6.12","hurdle",0.0165571240441523,-2.209906,-1.382924,0.826982,0.536
"490","PLAC8","hurdle",0.130695751816862,-2.478265,-1.666591,0.811674,0.536
"408","MEF2C-AS1","hurdle",8.13267347151974e-06,-3.20127,-2.055514,1.145756,0.536
"299","IGHV3-15","hurdle",0.000902384667177726,-2.976633,-1.864202,1.112431,0.536
"245","GMIP","hurdle",0.0153806111606938,-2.990343,-2.035213,0.95513,0.536
"768","ZCCHC11","hurdle",0.0107257581155682,-2.030475,-1.298929,0.731546,0.535
"696","TFEC","hurdle",0.000429794023579185,-3.123844,-2.01962,1.104224,0.535
"552","RIC1","hurdle",0.014808684357941,-2.501582,-1.726367,0.775215,0.535
"521","PTPN7","hurdle",0.292440121135432,-2.528846,-1.920097,0.608749,0.535
"505","PPP1CC","hurdle",6.44529653534711e-09,-1.0422258,-0.3781818,0.664044,0.535
"476","PDE4B","hurdle",0.0301146848086823,-1.4321838,-0.8123486,0.6198352,0.535
"413","MGAT5","hurdle",4.31069176382791e-05,-2.819856,-1.684692,1.135164,0.535
"312","IGKV4-1","hurdle",0.00217263983551987,-3.011177,-1.72254,1.288637,0.535
"186","DOCK2","hurdle",0.0249334104109949,-2.853404,-1.905592,0.947812,0.535
"79","BTN2A2","hurdle",0.00603092088079179,-2.784681,-1.855342,0.929339,0.535
"519","PTPN22","hurdle",0.0563148703242734,-2.218882,-1.611081,0.607801,0.534
"263","HCLS1","hurdle",0.19052163671209,-1.766477,-1.249233,0.517244,0.534
"192","E2F5","hurdle",1.83791044814319e-06,-3.198835,-2.089217,1.109618,0.534
"94","CARD8-AS1","hurdle",0.00674020713340691,-3.08878,-2.096374,0.992406,0.534
"642","SLC35D1","hurdle",0.000767802470057413,-2.927195,-1.894522,1.032673,0.533
"630","SKAP2","hurdle",0.00413646301102371,-1.980462,-1.30221,0.678252,0.533
"597","RPAP3","hurdle",0.000903711795596359,-2.550477,-1.636123,0.914354,0.533
"580","RP11-445F6.2","hurdle",2.25871156295078e-08,-3.318662,-2.073263,1.245399,0.533
"419","MNDA","hurdle",0.00947506130896856,-2.728606,-1.691289,1.037317,0.533
"348","KDM4C","hurdle",0.00221518283401999,-2.794552,-1.851703,0.942849,0.533
"331","IP6K1","hurdle",0.00152705480432957,-2.469551,-1.583109,0.886442,0.533
"322","IL10RA","hurdle",0.428216392505545,-2.271112,-1.737814,0.533298,0.533
"306","IGHV5-78","hurdle",1.69007001687577e-06,-3.321928,-2.26209,1.059838,0.533
"225","FCHO1","hurdle",0.00901109751974731,-3.099912,-2.270293,0.829619,0.533
"184","DENND5B","hurdle",0.00449101312079266,-3.013992,-2.139606,0.874386,0.533
"171","CXorf21","hurdle",0.0329455416885208,-3.006193,-2.084659,0.921534,0.533
"148","COL19A1","hurdle",2.25871156295069e-08,-3.319724,-2.109935,1.209789,0.533
"781","ZNF296","hurdle",0.000216650290033305,-2.584867,-1.536484,1.048383,0.532
"695","TFEB","hurdle",0.00208797984719916,-2.95049,-1.986363,0.964127,0.532
"626","SIDT1","hurdle",0.00155765052554367,-2.712568,-1.767748,0.94482,0.532
"606","RUNX3","hurdle",0.0705829354812836,-2.016754,-1.510277,0.506477,0.532
"535","RASSF5","hurdle",0.0827633143153927,-2.59174,-1.876138,0.715602,0.532
"526","RAB30","hurdle",0.00281458002437466,-2.4829,-1.613597,0.869303,0.532
"463","P2RY8","hurdle",0.0119128782821968,-2.937654,-1.915586,1.022068,0.532
"418","MIS18BP1","hurdle",0.000135644609167655,-1.8359106,-0.9890587,0.8468519,0.532
"150","COL9A3","hurdle",0.000220272919107389,-3.099365,-2.082003,1.017362,0.532
"145","CNR2","hurdle",3.01553149311152e-06,-3.303463,-2.192362,1.111101,0.532
"81","C12orf42","hurdle",4.63673953418318e-05,-3.283326,-2.260273,1.023053,0.532
"56","ATF7IP2","hurdle",0.0117562150166629,-2.579692,-1.737064,0.842628,0.532
"777","ZNF107","hurdle",0.000153938954634326,-2.733963,-1.681885,1.052078,0.531
"691","TBCC","hurdle",0.000335535486791068,-2.141586,-1.252319,0.889267,0.531
"687","TARSL2","hurdle",0.000144871335184605,-2.4212,-1.396931,1.024269,0.531
"668","STAP1","hurdle",0.000623802880423236,-3.274115,-2.53849,0.735625,0.531
"638","SLC25A32","hurdle",1.52826833567047e-05,-2.431957,-1.407734,1.024223,0.531
"631","SLC12A6","hurdle",0.0655632877377212,-2.905902,-2.245009,0.660893,0.531
"508","PPP3CC","hurdle",0.164576691471116,-2.100229,-1.546603,0.553626,0.531
"460","P2RX5","hurdle",0.000290678523824822,-3.24492,-2.313223,0.931697,0.531
"459","P2RX1","hurdle",0.00177030998069943,-3.254648,-2.2883,0.966348,0.531
"396","MAP4K1","hurdle",0.0122434695388057,-2.924908,-2.131311,0.793597,0.531
"358","KLK1","hurdle",3.0250990694515e-05,-3.268227,-2.123174,1.145053,0.531
"319","IKZF3","hurdle",0.164396395910344,-2.617172,-1.861378,0.755794,0.531
"743","UPF2","hurdle",0.000249533209253891,-1.7547511,-0.9865473,0.7682038,0.53
"664","ST6GAL1","hurdle",0.0128743047456235,-2.487697,-1.683908,0.803789,0.53
"545","RGPD2","hurdle",0.000267518599465843,-3.237311,-2.235284,1.002027,0.53
"394","MANBA","hurdle",0.000260413755442472,-2.586214,-1.617554,0.96866,0.53
"366","LAX1","hurdle",0.146449787843344,-2.857858,-2.143045,0.714813,0.53
"362","L1TD1","hurdle",0.0342651318465823,-3.244948,-2.482874,0.762074,0.53
"309","IGKV3-11","hurdle",0.00578938507300926,-2.761618,-1.492464,1.269154,0.53
"260","GTPBP1","hurdle",0.000104185238843579,-2.545574,-1.451677,1.093897,0.53
"86","C1GALT1","hurdle",0.000840204453047107,-2.326237,-1.471529,0.854708,0.53
"24","AKNA","hurdle",0.28945567443101,-2.209694,-1.652387,0.557307,0.53
"20","ADRBK2","hurdle",0.00128925653194663,-3.104563,-2.128793,0.97577,0.53
"758","XXbac-BPG299F13.17","hurdle",0.0104108154321832,-3.048442,-2.225897,0.822545,0.529
"709","TNFRSF14","hurdle",0.00442971532014957,-1.665242,-1.031064,0.634178,0.529
"679","SYNGR3","hurdle",0.00857378261997969,-3.257419,-2.469053,0.788366,0.529
"627","SIGLEC10","hurdle",0.0701900215754885,-3.21839,-2.50681,0.71158,0.529
"553","RIC3","hurdle",0.180302857502734,-2.593804,-1.97707,0.616734,0.529
"518","PTPN1","hurdle",0.000299596941024496,-1.6019009,-0.8918372,0.7100637,0.529
"516","PSMB8-AS1","hurdle",0.0432322261729116,-2.313419,-1.66014,0.653279,0.529
"507","PPP1R16B","hurdle",0.0909049120912135,-2.722621,-2.058493,0.664128,0.529
"446","NGLY1","hurdle",0.00153924567217902,-2.167037,-1.405004,0.762033,0.529
"264","HDAC9","hurdle",0.00364274769229083,-3.029864,-2.201142,0.828722,0.529
"69","BIN2","hurdle",0.162475991990711,-2.336206,-1.719886,0.61632,0.529
"784","ZNF573","hurdle",0.00760519041831279,-3.066318,-2.253993,0.812325,0.528
"628","SIPA1L1","hurdle",0.0117180235928573,-2.505845,-1.707177,0.798668,0.528
"569","RP11-160E2.6","hurdle",0.0355695754497679,-2.551301,-1.793591,0.75771,0.528
"525","QRSL1","hurdle",0.000511483545841929,-2.780333,-1.803086,0.977247,0.528
"487","PIKFYVE","hurdle",0.00337199748595931,-2.678871,-1.730179,0.948692,0.528
"477","PDE4D","hurdle",0.0188291143607586,-2.490705,-1.642948,0.847757,0.528
"430","MYO1G","hurdle",0.1085426853742,-2.898364,-2.190512,0.707852,0.528
"403","MCM5","hurdle",0.00256103510512965,-2.715238,-1.865812,0.849426,0.528
"341","ITM2C","hurdle",0.103859401118043,-1.847995,-1.267326,0.580669,0.528
"294","IGHG2","hurdle",0.0252556512476257,-2.904086,-2.367236,0.53685,0.528
"163","CTD-2020K17.1","hurdle",0.0579864163683744,-2.843196,-2.090986,0.75221,0.528
"128","CEP192","hurdle",0.216192753466876,-2.848177,-2.218953,0.629224,0.528
"106","CD1D","hurdle",0.0136400223710263,-3.190736,-2.515808,0.674928,0.528
"73","BMP2K","hurdle",0.00260320889302364,-2.485713,-1.655861,0.829852,0.528
"48","ARHGAP4","hurdle",0.0592486725983365,-2.450211,-1.729989,0.720222,0.528
"45","ARHGAP15","hurdle",0.306029607881059,-1.869724,-1.356048,0.513676,0.528
"26","ALG13","hurdle",0.000977012632106462,-1.758318,-1.037291,0.721027,0.528
"10","AC245100.1","hurdle",0.00154731538064019,-2.595878,-1.650618,0.94526,0.528
"731","TSPYL2","hurdle",0.000887322684466472,-1.341199,-0.6893845,0.6518145,0.527
"729","TRMT13","hurdle",0.0119607859007301,-2.551023,-1.80611,0.744913,0.527
"616","SEMA4D","hurdle",0.124451102953925,-2.666069,-2.033836,0.632233,0.527
"499","POMC","hurdle",0.0104973684927836,-3.156319,-2.215116,0.941203,0.527
"485","PIK3AP1","hurdle",0.0111516745872804,-3.10772,-2.255983,0.851737,0.527
"466","PARP14","hurdle",0.000395023447936893,-1.6616803,-0.9088772,0.7528031,0.527
"383","LPIN1","hurdle",0.143799230478015,-2.106238,-1.510314,0.595924,0.527
"377","LINC00936","hurdle",0.00220621194152939,-2.421161,-1.583204,0.837957,0.527
"93","CAPG","hurdle",0.0143804080770936,-1.2544272,-0.7433217,0.5111055,0.527
"16","ADAMTS6","hurdle",0.057506712306559,-2.918928,-2.144771,0.774157,0.527
"772","ZFX","hurdle",0.00560048220973568,-2.25517,-1.527704,0.727466,0.526
"767","ZC3H12D","hurdle",0.13644879621207,-3.028951,-2.418522,0.610429,0.526
"559","RNF138","hurdle",0.0299730245764778,-2.066276,-1.440774,0.625502,0.526
"557","RNASE6","hurdle",0.0761391559561466,-2.790134,-2.104123,0.686011,0.526
"440","NFATC1","hurdle",0.0250003588184645,-2.438064,-1.749942,0.688122,0.526
"303","IGHV3-74","hurdle",0.00369578917329551,-3.042232,-1.901023,1.141209,0.526
"290","IFT57","hurdle",0.000401634520299108,-1.829381,-1.162763,0.666618,0.526
"249","GPATCH11","hurdle",0.00167297376706492,-2.802521,-1.849193,0.953328,0.526
"222","FASTKD5","hurdle",0.0241965105844104,-2.85911,-2.032731,0.826379,0.526
"212","FAM159A","hurdle",0.0404446825728905,-3.015009,-2.494362,0.520647,0.526
"181","DBF4","hurdle",0.145930218104682,-2.428543,-1.810836,0.617707,0.526
"54","ASTE1","hurdle",0.00902127807995382,-2.750862,-1.844182,0.90668,0.526
"6","AC074289.1","hurdle",0.0860779689167281,-3.079039,-2.415016,0.664023,0.526
"735","TYW1","hurdle",0.000555248132301021,-2.529335,-1.636066,0.893269,0.525
"605","RUBCN","hurdle",0.00959140644548086,-2.76235,-1.931022,0.831328,0.525
"600","RPS6KA1","hurdle",0.0208876354968831,-2.906077,-2.179189,0.726888,0.525
"512","PRKRIR","hurdle",0.0293644919113758,-2.644916,-1.940736,0.70418,0.525
"510","PRDM4","hurdle",0.00327293557460641,-2.811678,-1.932914,0.878764,0.525
"471","PCDH9","hurdle",9.78335347816052e-05,-3.09366,-2.069283,1.024377,0.525
"397","MAP4K2","hurdle",0.024254664732784,-2.789671,-2.038443,0.751228,0.525
"335","IRF5","hurdle",0.0140673096140112,-3.125004,-2.270793,0.854211,0.525
"330","INPP5F","hurdle",0.00623858162156318,-2.795572,-1.96877,0.826802,0.525
"209","FAM126A","hurdle",0.132772600615879,-2.524234,-1.933857,0.590377,0.525
"208","FAM117A","hurdle",0.0104151194683561,-2.737984,-1.882856,0.855128,0.525
"132","CHD2","hurdle",0.00316780016753261,-1.250106,-0.685392,0.564714,0.525
"746","UVRAG","hurdle",0.0460908420196331,-1.829623,-1.288365,0.541258,0.524
"670","STK10","hurdle",0.280661554821067,-2.497101,-1.951074,0.546027,0.524
"596","RPA2","hurdle",0.00736007257787137,-1.957543,-1.308459,0.649084,0.524
"584","RP11-511B23.1","hurdle",1.69007001687528e-06,-3.318631,-2.322491,0.99614,0.524
"579","RP11-428G5.5","hurdle",1.45255922716377e-05,-3.312493,-2.449387,0.863106,0.524
"532","RASGRP1","hurdle",0.375617632120645,-2.726579,-2.191462,0.535117,0.524
"517","PTK2B","hurdle",0.142361433508521,-2.660373,-2.148738,0.511635,0.524
"509","PRDM2","hurdle",0.000483030856226535,-1.878898,-1.066775,0.812123,0.524
"414","MICAL3","hurdle",0.00654310409521052,-2.795569,-1.962925,0.832644,0.524
"285","HRK","hurdle",8.40497361000812e-05,-3.305623,-2.562266,0.743357,0.524
"242","GEN1","hurdle",0.00879833329722121,-3.160024,-2.428243,0.731781,0.524
"214","FAM177B","hurdle",4.06449376436528e-05,-3.308007,-2.49197,0.816037,0.524
"162","CTD-2017F17.2","hurdle",0.000947042797820009,-3.157605,-2.387479,0.770126,0.524
"156","CPNE5","hurdle",0.00166065681217128,-3.104003,-2.256966,0.847037,0.524
"141","CLEC17A","hurdle",9.8161822858716e-06,-3.318106,-2.392674,0.925432,0.524
"98","CCDC50","hurdle",0.000313946332636321,-1.5919435,-0.9102417,0.6817018,0.524
"9","AC241585.2","hurdle",0.00119307100678051,-2.806619,-1.833343,0.973276,0.524
"741","UGT8","hurdle",3.17803490537014e-05,-3.297553,-2.351102,0.946451,0.523
"733","TTN","hurdle",0.0799289363187514,-2.949584,-2.312154,0.63743,0.523
"665","ST8SIA4","hurdle",0.162630855675591,-2.58808,-1.939674,0.648406,0.523
"635","SLC16A3","hurdle",0.0375727450089675,-2.276791,-1.645543,0.631248,0.523
"603","RSBN1","hurdle",0.0549502291795731,-1.911956,-1.319527,0.592429,0.523
"587","RP11-596C23.2","hurdle",0.00410656338039852,-2.836,-1.92904,0.90696,0.523
"496","PNOC","hurdle",0.00831330306419954,-3.282576,-2.613422,0.669154,0.523
"473","PCIF1","hurdle",0.00455859893896532,-2.247942,-1.576052,0.67189,0.523
"450","NRDE2","hurdle",0.00990754031660308,-2.623961,-1.894606,0.729355,0.523
"437","NCKAP1L","hurdle",0.123651885523365,-2.724238,-2.157788,0.56645,0.523
"416","MIR155HG","hurdle",0.0521614784269022,-2.680126,-1.726845,0.953281,0.523
"374","LINC00324","hurdle",0.0583982437111761,-2.861981,-2.116174,0.745807,0.523
"338","ITFG2","hurdle",0.00823227301530488,-2.419073,-1.637626,0.781447,0.523
"230","FCRL3","hurdle",0.00713213498108366,-3.218051,-2.258439,0.959612,0.523
"149","COL4A3","hurdle",0.000461827092066835,-3.285844,-2.491002,0.794842,0.523
"4","AC058791.1","hurdle",0.0225893856254789,-2.456492,-1.705999,0.750493,0.523
"755","WDFY4","hurdle",0.00208900457410749,-3.254346,-2.496059,0.758287,0.522
"543","RELT","hurdle",0.0646144728349736,-2.832227,-2.151583,0.680644,0.522
"489","PKHD1L1","hurdle",0.00133974394131714,-3.252943,-2.577361,0.675582,0.522
"479","PDE7B","hurdle",0.0121633994291186,-3.049611,-2.298813,0.750798,0.522
"469","PATL2","hurdle",0.0628346366438147,-2.896723,-2.085456,0.811267,0.522
"441","NFKB2","hurdle",0.0012608966166615,-2.005319,-1.283084,0.722235,0.522
"321","IL10","hurdle",0.00281651467519824,-3.218741,-2.216169,1.002572,0.522
"283","HMHA1","hurdle",0.0706139903507062,-2.188404,-1.624597,0.563807,0.522
"255","GPX7","hurdle",0.0259380046216974,-2.827382,-2.106298,0.721084,0.522
"151","COQ10A","hurdle",9.40574618531421e-06,-2.738538,-1.763688,0.97485,0.522
"105","CD1C","hurdle",0.562138445323223,-3.186482,-2.652649,0.533833,0.522
"99","CCNT2","hurdle",0.053010327666791,-2.319245,-1.72343,0.595815,0.522
"38","AP1B1","hurdle",0.0628107578693664,-2.445962,-1.84237,0.603592,0.522
"7","AC079630.4","hurdle",0.00164224474665645,-3.263866,-2.421637,0.842229,0.522
"685","TAF4B","hurdle",0.0719568990204675,-2.594885,-1.9586,0.636285,0.521
"536","RASSF6","hurdle",1.78250121389888e-06,-3.03373,-1.939714,1.094016,0.521
"491","PLAG1","hurdle",0.0253185735119573,-3.257297,-2.643092,0.614205,0.521
"382","LPAR5","hurdle",0.0632305526620904,-3.211023,-2.529017,0.682006,0.521
"262","H3F3C","hurdle",0.00424774515424177,-1.837561,-1.111927,0.725634,0.521
"205","ERAP2","hurdle",0.00363202344650901,-2.432209,-1.573002,0.859207,0.521
"168","CXCR3","hurdle",0.428724623643194,-2.833992,-2.273152,0.56084,0.521
"19","ADK","hurdle",0.0194194335490122,-1.919259,-1.312903,0.606356,0.521
"737","UBALD2","hurdle",0.0213564334580577,-2.246391,-1.686148,0.560243,0.52
"641","SLC2A6","hurdle",0.000192031486801071,-3.073118,-2.259283,0.813835,0.52
"636","SLC16A7","hurdle",0.230370410961889,-2.713223,-2.116105,0.597118,0.52
"568","RP11-119B16.2","hurdle",3.93588590108725e-06,-3.090249,-2.185091,0.905158,0.52
"534","RASSF2","hurdle",0.22506450179929,-2.974687,-2.453764,0.520923,0.52
"406","MED16","hurdle",9.04747092483998e-08,-2.353848,-1.366819,0.987029,0.52
"370","LILRB1","hurdle",0.0295013879686443,-3.167276,-2.559599,0.607677,0.52
"289","IFNLR1","hurdle",0.0438394535172288,-3.213719,-2.552362,0.661357,0.52
"203","EPS15L1","hurdle",0.000495788354401376,-2.480872,-1.643459,0.837413,0.52
"138","CKAP2","hurdle",0.00368709006942424,-2.83042,-1.95241,0.87801,0.52
"1","ABI3","hurdle",0.0785472524264905,-2.574001,-2.000542,0.573459,0.52
"794","ZUFSP","hurdle",0.0991344262858002,-2.846248,-2.297806,0.548442,0.519
"787","ZNF791","hurdle",0.00376993008246018,-2.020115,-1.325003,0.695112,0.519
"783","ZNF416","hurdle",0.00042342973145113,-3.204927,-2.463009,0.741918,0.519
"714","TOR4A","hurdle",0.00972893932973578,-3.17487,-2.373925,0.800945,0.519
"656","SP110","hurdle",0.055585384135425,-2.355551,-1.730199,0.625352,0.519
"643","SLC39A8","hurdle",0.00991734985737582,-2.649273,-1.839906,0.809367,0.519
"577","RP11-332H14.2","hurdle",0.00108612175989945,-2.872275,-1.965998,0.906277,0.519
"524","PXK","hurdle",0.141719690945808,-2.567537,-2.055395,0.512142,0.519
"498","POLG","hurdle",0.211416101480208,-2.688932,-2.158731,0.530201,0.519
"486","PIK3R5","hurdle",0.0619551113181089,-3.12684,-2.492771,0.634069,0.519
"458","OTUD1","hurdle",0.0223634175088825,-2.808742,-2.101861,0.706881,0.519
"423","MPEG1","hurdle",0.243591817665881,-3.134783,-2.615114,0.519669,0.519
"305","IGHV4-39","hurdle",0.015699305655188,-3.091736,-2.247484,0.844252,0.519
"282","HMGA1","hurdle",0.0137681210841526,-1.633169,-1.129217,0.503952,0.519
"202","EPM2A","hurdle",0.00207157775805193,-3.198145,-2.494941,0.703204,0.519
"195","EFCAB13","hurdle",0.00139747371911214,-3.189233,-2.414612,0.774621,0.519
"765","ZBTB14","hurdle",0.0705728306928405,-3.009297,-2.497427,0.51187,0.518
"704","TMEM55B","hurdle",0.00937627167194755,-2.356362,-1.702638,0.653724,0.518
"678","SYNGR1","hurdle",0.0239261515535741,-2.33168,-1.784445,0.547235,0.518
"647","SMG1","hurdle",0.000218190726873749,-1.2382367,-0.7061797,0.532057,0.518
"601","RRAS2","hurdle",0.00306284455634974,-2.787752,-1.985183,0.802569,0.518
"585","RP11-511P7.5","hurdle",0.0917022991266739,-2.999233,-2.394668,0.604565,0.518
"494","PLD4","hurdle",0.108110812142719,-3.077567,-2.531293,0.546274,0.518
"449","NR4A3","hurdle",0.0655225724325943,-1.813837,-1.224167,0.58967,0.518
"342","ITPR2","hurdle",0.000460392615163999,-2.117705,-1.430406,0.687299,0.518
"43","ARAP2","hurdle",0.100333912349957,-2.4184,-1.781091,0.637309,0.518
"40","AP5Z1","hurdle",0.0516573817945502,-2.698325,-2.067301,0.631024,0.518
"782","ZNF383","hurdle",0.0279895563867997,-2.996096,-2.407578,0.588518,0.517
"726","TRIM38","hurdle",0.00802609755095518,-1.980605,-1.321012,0.659593,0.517
"722","TRAPPC2P1","hurdle",0.0307494138489576,-1.985924,-1.432129,0.553795,0.517
"716","TRABD","hurdle",0.000336504896375352,-1.764295,-1.146105,0.61819,0.517
"645","SMC6","hurdle",0.00565262725906818,-2.263447,-1.582306,0.681141,0.517
"634","SLC16A1-AS1","hurdle",0.0664934414209157,-2.900118,-2.237528,0.66259,0.517
"611","SCML4","hurdle",0.307622967117195,-2.686349,-2.121383,0.564966,0.517
"575","RP11-297D21.4","hurdle",0.0327260377767145,-3.125505,-2.492003,0.633502,0.517
"555","RIOK3","hurdle",0.016453075205127,-1.976085,-1.382176,0.593909,0.517
"544","RGP1","hurdle",0.108752003774751,-2.745314,-2.208978,0.536336,0.517
"539","RBM6","hurdle",0.00507324161324069,-1.69774,-1.08396,0.61378,0.517
"527","RAB37","hurdle",0.0550577404567931,-3.080912,-2.383303,0.697609,0.517
"395","MAP1LC3B2","hurdle",0.0321959327427495,-2.53543,-1.912086,0.623344,0.517
"325","IL23A","hurdle",0.324597743660245,-3.054905,-2.514521,0.540384,0.517
"315","IGLV2-14","hurdle",0.00238129630230778,-3.01799,-2.00721,1.01078,0.517
"127","CDKN2D","hurdle",0.0339372267701852,-2.633326,-2.009139,0.624187,0.517
"125","CDCA7L","hurdle",0.0417316918651363,-2.966904,-2.30784,0.659064,0.517
"95","CASP10","hurdle",0.0700766577513586,-2.910768,-2.281291,0.629477,0.517
"89","C1orf52","hurdle",0.000139988343267121,-1.87299,-1.200177,0.672813,0.517
"44","AREL1","hurdle",0.118146845339534,-2.985443,-2.441777,0.543666,0.517
"34","ANKRD36","hurdle",0.0228015563469429,-2.453972,-1.755604,0.698368,0.517
"754","WDFY1","hurdle",0.000299729822280405,-2.342739,-1.596222,0.746517,0.516
"747","VAC14","hurdle",0.000607005906483621,-2.820613,-1.954892,0.865721,0.516
"632","SLC15A4","hurdle",0.0389504645606799,-2.765107,-2.119996,0.645111,0.516
"586","RP11-588H23.3","hurdle",0.00141817970749686,-3.308496,-2.802566,0.50593,0.516
"497","POC1B-GALNT4","hurdle",0.00602584568336743,-3.288177,-2.444413,0.843764,0.516
"462","P2RY14","hurdle",0.047130109273633,-3.060721,-2.436421,0.6243,0.516
"453","NUP50","hurdle",0.00309106971546386,-2.378489,-1.663429,0.71506,0.516
"404","MCOLN2","hurdle",0.379636502566902,-2.982884,-2.478308,0.504576,0.516
"392","LYSMD2","hurdle",0.0169311274311845,-2.093729,-1.468901,0.624828,0.516
"389","LY86-AS1","hurdle",0.00046970814562749,-3.318294,-2.650991,0.667303,0.516
"369","LFNG","hurdle",0.0265601012577218,-2.613804,-2.007104,0.6067,0.516
"360","KNTC1","hurdle",0.0179877955164322,-3.13797,-2.4709,0.66707,0.516
"317","IGLV4-69","hurdle",0.000469708145627537,-3.316639,-2.172102,1.144537,0.516
"298","IGHV2-70.1","hurdle",0.0116043225262643,-3.321928,-2.640085,0.681843,0.516
"261","GUCY2C","hurdle",0.0116043225262668,-3.321928,-2.692067,0.629861,0.516
"258","GRK5","hurdle",1.7745088227118e-05,-2.744549,-1.901093,0.843456,0.516
"244","GM2A","hurdle",0.0329417848326029,-2.642517,-2.072777,0.56974,0.516
"240","GALR2","hurdle",0.000469708145627431,-3.318273,-2.775012,0.543261,0.516
"219","FAM60A","hurdle",0.00050012135887657,-2.000111,-1.308894,0.691217,0.516
"190","DSCAML1","hurdle",0.0116344564108775,-3.295161,-2.774241,0.52092,0.516
"180","DAPP1","hurdle",0.0284825379967864,-2.684303,-1.946007,0.738296,0.516
"157","CR2","hurdle",0.0116043225262694,-3.321928,-2.618716,0.703212,0.516
"96","CBFA2T3","hurdle",0.0463556377720507,-2.953693,-2.367847,0.585846,0.516
"21","AE000662.92","hurdle",0.00231135415843921,-3.290766,-2.744454,0.546312,0.516
"3","AC008697.1","hurdle",0.00449985986587507,-3.304261,-2.682864,0.621397,0.516
"786","ZNF718","hurdle",0.00500069408677559,-3.085361,-2.328974,0.756387,0.515
"756","WDR17","hurdle",0.00458850122520619,-3.292092,-2.673372,0.61872,0.515
"739","UBR5-AS1","hurdle",0.0162147417528962,-3.116469,-2.486302,0.630167,0.515
"680","SYP","hurdle",0.156174750469761,-3.112656,-2.582112,0.530544,0.515
"593","RP3-395M20.9","hurdle",0.0297239149399018,-3.272511,-2.661513,0.610998,0.515
"567","RP11-108M9.6","hurdle",0.0784265154891459,-3.05319,-2.498471,0.554719,0.515
"565","RP11-1000B6.3","hurdle",0.000204337870411254,-2.269897,-1.670332,0.599565,0.515
"538","RBM38","hurdle",0.169664975669036,-2.665067,-2.075652,0.589415,0.515
"515","PRPF4","hurdle",0.0309798849468247,-2.549048,-1.984947,0.564101,0.515
"379","LINC01215","hurdle",0.00505379893494157,-3.26441,-2.719763,0.544647,0.515
"304","IGHV4-31","hurdle",0.000137436916926136,-3.295111,-2.483111,0.812,0.515
"301","IGHV3-30","hurdle",0.0270907162387232,-3.216092,-2.21696,0.999132,0.515
"237","FUOM","hurdle",0.00841182831823472,-2.759003,-2.07341,0.685593,0.515
"176","CYFIP2","hurdle",0.107984833510842,-2.594616,-1.970614,0.624002,0.515
"55","ATF7IP","hurdle",0.00799143371874142,-1.882582,-1.256657,0.625925,0.515
"2","AC005037.3","hurdle",0.00766885977175917,-3.281427,-2.727287,0.55414,0.515
"766","ZBTB40","hurdle",0.1663978842798,-2.883259,-2.337015,0.546244,0.514
"676","SYCP3","hurdle",0.000175426776816674,-3.273551,-2.530276,0.743275,0.514
"662","SPPL2B","hurdle",0.0421905620365063,-2.574371,-1.985344,0.589027,0.514
"622","SETSIP","hurdle",0.00296278602624584,-3.282432,-2.652866,0.629566,0.514
"609","SATB1","hurdle",0.18777432682077,-2.576711,-2.048404,0.528307,0.514
"571","RP11-169D4.2","hurdle",0.0118411016657976,-3.24847,-2.583353,0.665117,0.514
"500","POP1","hurdle",0.0234820547785434,-3.10102,-2.596267,0.504753,0.514
"484","PHTF2","hurdle",0.0976754865387814,-2.389675,-1.824275,0.5654,0.514
"434","NARFL","hurdle",0.00349248376276675,-2.419379,-1.773839,0.64554,0.514
"426","MSH5","hurdle",0.00231707816341683,-3.260964,-2.481104,0.77986,0.514
"424","MRPL44","hurdle",0.000824215277280081,-2.447314,-1.693861,0.753453,0.514
"417","MIS12","hurdle",0.00378361758444553,-2.607778,-1.79569,0.812088,0.514
"399","MARC2","hurdle",0.000756042266337044,-2.684206,-1.972135,0.712071,0.514
"349","KDM6A","hurdle",0.000531364269490308,-2.242906,-1.439161,0.803745,0.514
"213","FAM167A","hurdle",0.00606622718250804,-3.285152,-2.713144,0.572008,0.514
"140","CLCN6","hurdle",0.000934330969588676,-2.92733,-2.067613,0.859717,0.514
"75","BTBD9","hurdle",0.225300336850278,-3.052899,-2.547725,0.505174,0.514
"30","AMN1","hurdle",0.00536838093035302,-2.68698,-1.963692,0.723288,0.514
"22","AFF3","hurdle",0.0001209674063615,-2.279004,-1.612623,0.666381,0.514
"14","ADAM19","hurdle",0.0572423569763946,-2.965695,-2.300845,0.66485,0.514
"5","AC073072.5","hurdle",0.0194103142558776,-3.26428,-2.732523,0.531757,0.514
"793","ZSWIM1","hurdle",0.00329858489375117,-3.26124,-2.686698,0.574542,0.513
"792","ZSCAN5A","hurdle",5.74797836954661e-05,-3.116666,-2.240972,0.875694,0.513
"764","ZBTB10","hurdle",0.00599822984447214,-2.170732,-1.518563,0.652169,0.513
"751","VPS33B","hurdle",0.0657380550387926,-3.102222,-2.567442,0.53478,0.513
"745","USP30-AS1","hurdle",0.0370787623503921,-3.218522,-2.536396,0.682126,0.513
"738","UBE2S","hurdle",0.00512943441272712,-1.2881667,-0.7607318,0.5274349,0.513
"700","TMEM117","hurdle",0.0221320004954581,-3.071262,-2.473865,0.597397,0.513
"693","TCF20","hurdle",0.0160137214998023,-2.911049,-2.201338,0.709711,0.513
"658","SP4","hurdle",0.131350918442124,-2.897541,-2.38214,0.515401,0.513
"648","SMG6","hurdle",0.0242846008721688,-2.619132,-2.090727,0.528405,0.513
"633","SLC16A1","hurdle",0.0902922530645926,-2.642486,-2.084768,0.557718,0.513
"574","RP11-245D16.4","hurdle",0.0781469627576118,-3.201528,-2.530028,0.6715,0.513
"563","RNGTT","hurdle",0.0699223031528846,-2.678156,-2.094854,0.583302,0.513
"548","RHBDF2","hurdle",0.0608856231715899,-2.75981,-2.224163,0.535647,0.513
"444","NFYC-AS1","hurdle",0.00113236194831615,-3.229907,-2.546483,0.683424,0.513
"415","MIOS","hurdle",0.0479087667696367,-2.688834,-2.188271,0.500563,0.513
"405","MECP2","hurdle",0.00995037194856759,-1.862192,-1.249,0.613192,0.513
"324","IL1RAP","hurdle",0.0123009408750696,-3.030321,-2.275978,0.754343,0.513
"308","IGKV1-5","hurdle",0.356141618280422,-2.777145,-2.231567,0.545578,0.513
"277","HLA-DQB2","hurdle",0.168307138542886,-2.953791,-2.410003,0.543788,0.513
"265","HECTD1","hurdle",0.000143977723480945,-1.690202,-1.105262,0.58494,0.513
"204","EPSTI1","hurdle",0.0778117907510179,-2.194274,-1.693404,0.50087,0.513
"152","COQ10B","hurdle",0.000935232230210012,-1.556728,-0.989372,0.567356,0.513
"136","CHRNA5","hurdle",0.102342259990336,-3.245203,-2.724896,0.520307,0.513
"134","CHMP1B","hurdle",0.00117973149228389,-1.2255568,-0.7081444,0.5174124,0.513
"129","CEPT1","hurdle",0.0016393494124229,-2.505243,-1.781523,0.72372,0.513
"126","CDK8","hurdle",0.0369129168487225,-2.892049,-2.307815,0.584234,0.513
"121","CD80","hurdle",0.0720412055371691,-3.231318,-2.722043,0.509275,0.513
"102","CCSER1","hurdle",0.0623595442472006,-3.094735,-2.563701,0.531034,0.513
"97","CBLN3","hurdle",0.00739011298247838,-3.252688,-2.705778,0.54691,0.513
"31","ANKRD13A","hurdle",0.00450612582256602,-2.635781,-1.889939,0.745842,0.513
"780","ZNF266","hurdle",0.0211353056167368,-2.865033,-2.173973,0.69106,0.512
"775","ZMYM2","hurdle",0.018840018996822,-1.703411,-1.175284,0.528127,0.512
"757","XKR6","hurdle",0.00323397567276596,-3.234019,-2.597281,0.636738,0.512
"736","U2AF1","hurdle",0.00266550413475756,-2.1581,-1.571064,0.587036,0.512
"728","TRIM44","hurdle",0.000615088456440884,-1.727868,-1.17715,0.550718,0.512
"718","TRAF3","hurdle",0.221668982035973,-2.751679,-2.243686,0.507993,0.512
"681","SYVN1","hurdle",0.000189361243924847,-2.477954,-1.64873,0.829224,0.512
"623","SETX","hurdle",0.0160090785068255,-1.967428,-1.38587,0.581558,0.512
"590","RP11-793H13.11","hurdle",0.00481898842069704,-3.23075,-2.592743,0.638007,0.512
"582","RP11-495P10.1","hurdle",0.0521464761998737,-3.215256,-2.67537,0.539886,0.512
"540","RCOR1","hurdle",0.0655643950817171,-2.744003,-2.19062,0.553383,0.512
"530","RAPGEF6","hurdle",0.00512814703059463,-2.655164,-1.95566,0.699504,0.512
"513","PRMT9","hurdle",0.0182484804235874,-2.404546,-1.70735,0.697196,0.512
"381","LMBRD1","hurdle",0.00302267197689707,-1.655326,-1.120613,0.534713,0.512
"378","LINC01138","hurdle",0.0679295354418811,-2.849688,-2.23404,0.615648,0.512
"375","LINC00426","hurdle",0.0256576091689781,-3.122037,-2.402849,0.719188,0.512
"355","KIAA1033","hurdle",0.0166992628950707,-2.022865,-1.485048,0.537817,0.512
"302","IGHV3-48","hurdle",0.170794139122409,-3.130923,-2.521168,0.609755,0.512
"297","IGHV2-5","hurdle",0.0383614821789742,-3.168703,-2.559376,0.609327,0.512
"296","IGHV1-3","hurdle",0.213692457244788,-3.14488,-2.638607,0.506273,0.512
"239","FXYD7","hurdle",0.212314135662651,-3.116617,-2.596938,0.519679,0.512
"197","EGR4","hurdle",0.0467354829989237,-3.214737,-2.657852,0.556885,0.512
"188","DOK3","hurdle",0.00324172207302407,-3.213067,-2.586866,0.626201,0.512
"131","CHCHD7","hurdle",0.000464046966678983,-1.85153,-1.176232,0.675298,0.512
"80","C11orf24","hurdle",0.00430796717395159,-2.462665,-1.878394,0.584271,0.512
"790","ZNF891","hurdle",0.086739685466243,-3.012868,-2.444667,0.568201,0.511
"763","YTHDF3","hurdle",0.000502810084278559,-2.214249,-1.427992,0.786257,0.511
"762","YTHDC2","hurdle",0.000946690727013129,-2.148623,-1.41949,0.729133,0.511
"759","YARS2","hurdle",0.0284979252122833,-2.609786,-2.038237,0.571549,0.511
"744","USP12","hurdle",0.0340160510047613,-2.583703,-2.046188,0.537515,0.511
"653","SOS2","hurdle",0.00666786273196714,-2.67706,-2.050248,0.626812,0.511
"650","SNX11","hurdle",0.0359080558598175,-2.747574,-2.101169,0.646405,0.511
"599","RPP21","hurdle",0.000764760541769503,-2.36288,-1.606132,0.756748,0.511
"578","RP11-386G11.10","hurdle",0.0764346049200322,-3.178692,-2.618835,0.559857,0.511
"570","RP11-166B2.8","hurdle",0.0464510483746008,-2.995594,-2.465912,0.529682,0.511
"537","RBKS","hurdle",0.139410234248486,-1.87645,-1.368492,0.507958,0.511
"474","PCNX","hurdle",0.0916952272785265,-2.460101,-1.916123,0.543978,0.511
"455","ORAI2","hurdle",0.0161992901580422,-2.289123,-1.677206,0.611917,0.511
"432","NAAA","hurdle",0.0239605003497161,-2.177323,-1.670781,0.506542,0.511
"363","LA16c-358B7.3","hurdle",0.0551070469427842,-3.188163,-2.544435,0.643728,0.511
"333","IQSEC1","hurdle",0.021754829203057,-2.58374,-2.018091,0.565649,0.511
"221","FAM78A","hurdle",0.14086068779716,-3.125774,-2.584159,0.541615,0.511
"130","CH507-42P11.8","hurdle",0.00666728860218874,-2.796701,-2.056373,0.740328,0.511
"742","UNC93B1","hurdle",0.0409306475550732,-2.505391,-1.976207,0.529184,0.51
"717","TRAF1","hurdle",0.168199007479368,-2.849549,-2.327064,0.522485,0.51
"688","TBC1D1","hurdle",0.00835961913124799,-2.293437,-1.725857,0.56758,0.51
"583","RP11-498C9.15","hurdle",0.0530415784834917,-3.191242,-2.64097,0.550272,0.51
"556","RLF","hurdle",0.0243313111574654,-1.991496,-1.431105,0.560391,0.51
"549","RHEBL1","hurdle",0.11821856113821,-3.163935,-2.636452,0.527483,0.51
"402","MBD4","hurdle",0.00352332690230335,-1.939307,-1.338058,0.601249,0.51
"33","ANKRD33B","hurdle",0.0235195720376567,-3.168334,-2.602619,0.565715,0.51
"761","YRDC","hurdle",0.000355710990596971,-2.85342,-2.078769,0.774651,0.509
"613","SDE2","hurdle",0.000103355217500149,-2.364631,-1.67653,0.688101,0.509
"612","SCYL3","hurdle",0.00338118356356528,-2.683578,-1.984319,0.699259,0.509
"561","RNF32","hurdle",0.0193921539161733,-3.187891,-2.567131,0.62076,0.509
"464","PACS1","hurdle",0.0237570422864788,-2.419384,-1.821332,0.598052,0.509
"445","NGDN","hurdle",0.0161259327418164,-1.745736,-1.227126,0.51861,0.509
"412","MFN1","hurdle",0.0172090909034497,-2.547491,-1.935524,0.611967,0.509
"409","METTL12","hurdle",0.000591988108408841,-2.291612,-1.491381,0.800231,0.509
"236","FNIP1","hurdle",7.72391632000706e-05,-1.5227737,-0.9827438,0.5400299,0.509
"215","FAM193A","hurdle",0.00647129145146833,-2.668555,-2.024032,0.644523,0.509
"172","CYB561A3","hurdle",0.000712678191554052,-2.348545,-1.704666,0.643879,0.509
"57","ATP10D","hurdle",0.021432225373959,-2.761081,-2.140874,0.620207,0.509
"598","RPEL1","hurdle",0.00219815159924511,-3.309599,-2.757056,0.552543,0.508
"572","RP11-195F19.9","hurdle",0.000780102413302701,-3.14145,-2.615266,0.526184,0.508
"566","RP11-1023P17.2","hurdle",0.0116043225262701,-3.321928,-2.813068,0.50886,0.508
"560","RNF19B","hurdle",0.0217807386161296,-2.772018,-2.258532,0.513486,0.508
"493","PLCXD1","hurdle",0.0244078443811666,-3.145218,-2.611621,0.533597,0.508
"480","PDS5A","hurdle",0.0232353165372837,-2.043552,-1.540066,0.503486,0.508
"472","PCDHB1","hurdle",0.0116043225262641,-3.319656,-2.772528,0.547128,0.508
"411","METTL8","hurdle",0.0635430285102976,-2.457359,-1.889092,0.568267,0.508
"393","MADD","hurdle",0.011420990541986,-2.815268,-2.21134,0.603928,0.508
"380","LINC01480","hurdle",0.199714418467092,-3.01069,-2.486699,0.523991,0.508
"372","LIN52","hurdle",0.0072410273715878,-2.838437,-2.196343,0.642094,0.508
"318","IGLV5-37","hurdle",0.011604322526265,-3.321928,-2.662205,0.659723,0.508
"316","IGLV3-27","hurdle",0.0258447487207463,-3.309599,-2.596514,0.713085,0.508
"85","C19orf67","hurdle",0.0116043225262572,-3.320886,-2.766869,0.554017,0.508
"84","C16orf96","hurdle",0.0116043225262639,-3.321928,-2.808507,0.513421,0.508
"64","BBS9","hurdle",0.100356523334649,-2.941217,-2.414545,0.526672,0.508
"788","ZNF804A","hurdle",0.0410874482882186,-3.297146,-2.663732,0.633414,0.507
"750","VPS13C","hurdle",0.00265583651724288,-1.924223,-1.404227,0.519996,0.507
"723","TRAPPC8","hurdle",0.000165662532882147,-2.659494,-1.953861,0.705633,0.507
"711","TNIP1","hurdle",0.000443914843426411,-1.644262,-1.09851,0.545752,0.507
"654","SOWAHD","hurdle",0.0131647298077028,-3.290159,-2.757056,0.533103,0.507
"465","PAOX","hurdle",0.00372123637579196,-3.009752,-2.465925,0.543827,0.507
"456","OSBPL10","hurdle",0.00532902337107736,-2.65601,-2.088695,0.567315,0.507
"447","NOP14","hurdle",0.0255479423885246,-2.702473,-2.165443,0.53703,0.507
"427","MTMR8","hurdle",0.0804645980742554,-3.275699,-2.766869,0.50883,0.507
"332","IQCB1","hurdle",0.0601720642010629,-2.366586,-1.848367,0.518219,0.507
"173","CYB5R4","hurdle",0.00115097546357754,-2.460807,-1.711769,0.749038,0.507
"165","CTD-3075F15.1","hurdle",0.0451693391926687,-3.292716,-2.752736,0.53998,0.507
"164","CTD-2631K10.1","hurdle",0.017752372112963,-3.280391,-2.766869,0.513522,0.507
"68","BCL2L11","hurdle",0.0406676400604827,-2.394099,-1.785536,0.608563,0.507
"748","VAV2","hurdle",0.0301464087693363,-2.933572,-2.433365,0.500207,0.506
"669","STAT6","hurdle",0.000556751572139325,-2.200744,-1.660939,0.539805,0.506
"637","SLC25A19","hurdle",0.0268011925313651,-2.787144,-2.140183,0.646961,0.506
"442","NFKBIB","hurdle",0.00686675765329867,-2.223198,-1.682447,0.540751,0.506
"135","CHMP7","hurdle",0.0122555676852797,-2.486671,-1.878345,0.608326,0.506
"779","ZNF263","hurdle",0.0012574873099063,-2.660844,-1.990866,0.669978,0.505
"483","PHTF1","hurdle",0.0494533180665395,-2.591522,-2.061671,0.529851,0.505
"422","MON2","hurdle",0.000132062672214593,-2.120144,-1.401409,0.718735,0.505
"187","DOK1","hurdle",0.00469288473717947,-2.820489,-2.202999,0.61749,0.505
"82","C12orf43","hurdle",0.00039806632390619,-2.545635,-1.88621,0.659425,0.505
"17","ADAT2","hurdle",0.0157064808259275,-3.050386,-2.517358,0.533028,0.505
"12","ACO2","hurdle",0.00092905125546747,-1.911051,-1.37861,0.532441,0.505
"770","ZDHHC21","hurdle",0.0211363279741294,-2.618884,-2.101556,0.517328,0.504
"732","TTLL4","hurdle",0.0329416539935561,-3.064847,-2.530028,0.534819,0.504
"639","SLC26A6","hurdle",0.00105129427233279,-3.065284,-2.505519,0.559765,0.504
"592","RP3-395M20.12","hurdle",0.0424570244855213,-2.765171,-2.246251,0.51892,0.504
"514","PRPF39","hurdle",0.0193735739882155,-2.749422,-2.202865,0.546557,0.504
"431","MYO9B","hurdle",0.0513323171201304,-2.446543,-1.937054,0.509489,0.504
"347","KDM4B","hurdle",3.9557858915959e-05,-2.116435,-1.568548,0.547887,0.504
"344","JADE3","hurdle",0.00767594709709792,-2.936887,-2.376009,0.560878,0.504
"284","HPS5","hurdle",0.0175436152975975,-2.590473,-1.974619,0.615854,0.504
"185","DERL3","hurdle",0.0364146925141753,-2.957538,-2.436834,0.520704,0.504
"91","C3orf58","hurdle",0.0328967813242511,-2.498716,-1.993563,0.505153,0.504
"789","ZNF844","hurdle",0.002949104227764,-2.611816,-2.045067,0.566749,0.503
"607","SAMD4A","hurdle",0.00134681235292741,-2.836873,-2.175608,0.661265,0.503
"39","AP1G2","hurdle",0.000334279206757489,-2.310087,-1.606588,0.703499,0.503
"778","ZNF224","hurdle",0.0139813519277413,-2.426891,-1.862407,0.564484,0.502
"771","ZFP91","hurdle",0.0315237917600453,-2.591035,-2.088301,0.502734,0.502
"713","TOR1B","hurdle",0.0158858858156982,-2.532429,-2.026713,0.505716,0.502
"712","TOP1MT","hurdle",0.00969766198535478,-2.608796,-2.025068,0.583728,0.502
"684","TAF3","hurdle",0.00557282841103006,-2.151925,-1.604328,0.547597,0.502
"682","TAF1A","hurdle",0.00564682045376718,-3.025893,-2.466936,0.558957,0.502
"602","RRM2B","hurdle",0.00543665983540378,-2.542214,-1.937282,0.604932,0.502
"475","PCNXL4","hurdle",0.0311519066763817,-2.069223,-1.55383,0.515393,0.502
"410","METTL2B","hurdle",0.000639841121592279,-2.630729,-1.98243,0.648299,0.502
"90","C3orf17","hurdle",0.00127110314917362,-2.375673,-1.716619,0.659054,0.502
"42","ARAP1","hurdle",0.00402046736092948,-2.660963,-2.105085,0.555878,0.502
"727","TRIM39","hurdle",0.00408332383573015,-2.827783,-2.252584,0.575199,0.501
"32","ANKRD13C","hurdle",0.0272104748629602,-2.649727,-2.130758,0.518969,0.501
"774","ZMAT1","hurdle",0.00134037219712538,-2.383209,-1.84239,0.540819,0.5
"721","TRAPPC2","hurdle",0.00105917809090657,-2.515854,-1.87934,0.636514,0.5
"320","IKZF5","hurdle",0.0297361949002533,-2.656394,-2.102212,0.554182,0.5
"259","GRWD1","hurdle",0.00215424410431107,-2.432977,-1.875929,0.557048,0.5
"155","COX10","hurdle",0.00460877271433297,-2.825893,-2.266802,0.559091,0.5
"53","ASB6","hurdle",0.0139901745530975,-2.829551,-2.246055,0.583496,0.5
"50","ARHGEF19","hurdle",0.00115538733448544,-3.033649,-2.532466,0.501183,0.5
"690","TBC1D5","hurdle",0.00636669706486868,-2.245286,-1.739015,0.506271,0.499
"562","RNF44","hurdle",0.00449399509563479,-2.382631,-1.801448,0.581183,0.499
"421","MON1B","hurdle",0.000112678291486162,-2.673801,-2.130207,0.543594,0.499
"196","EFTUD1","hurdle",0.00170511127374475,-2.98013,-2.427181,0.552949,0.499
"581","RP11-452F19.3","hurdle",0.00377002207116648,-2.777357,-2.240972,0.536385,0.498
"433","NAPB","hurdle",0.000309850120504448,-2.998049,-2.407983,0.590066,0.498
"133","CHERP","hurdle",0.00301202337983534,-2.403447,-1.859453,0.543994,0.498
"734","TUBGCP2","hurdle",5.95108759049917e-05,-2.106273,-1.542352,0.563921,0.497
"725","TRIM25","hurdle",0.000896377073088506,-2.606065,-2.098815,0.50725,0.497
"83","C15orf57","hurdle",0.00161633347495527,-2.108912,-1.56338,0.545532,0.497
"666","STAG2","hurdle",0.000108364302726018,-1.768063,-1.239909,0.528154,0.496
"785","ZNF581","hurdle",0.000744667969743652,-2.138534,-1.637307,0.501227,0.495
"27","ALKBH5","hurdle",9.15829094338557e-05,-1.863873,-1.328612,0.535261,0.494
"158","CREB1","hurdle",0.000260717585257209,-1.9073,-1.385246,0.522054,0.493
"501","POP4","hurdle",0.000246511521787557,-2.086404,-1.566543,0.519861,0.492
"238","FUT8","hurdle",0.000220852335247657,-2.175205,-1.641885,0.53332,0.489
"248","GOT1","hurdle",8.90531058969109e-05,-2.331499,-1.790768,0.540731,0.484
