"","Gene","test.type","p_value","log2.mean.Cluster_Other","log2.mean.Myeloid","log2fold_change","Auc"
"477","HLA-DRA","hurdle",1.75081510179249e-180,-0.3643772,2.1982683,2.5626455,0.974
"471","HLA-DPA1","hurdle",5.04622201047496e-191,-0.6630068,1.9519086,2.6149154,0.967
"192","CD74","hurdle",3.68751510112883e-136,0.6008592,2.3863129,1.7854537,0.965
"478","HLA-DRB1","hurdle",6.70961432308797e-149,-0.2295048,1.979533,2.2090378,0.953
"472","HLA-DPB1","hurdle",1.37250000098586e-181,-0.6721326,1.8486233,2.5207559,0.945
"1074","TYROBP","hurdle",4.9285207809695e-208,-2.62149,1.514772,4.136262,0.939
"475","HLA-DQB1","hurdle",1.21098650748328e-165,-1.504179,1.411782,2.915961,0.932
"479","HLA-DRB5","hurdle",4.78886574020323e-153,-1.014267,1.620168,2.634435,0.93
"391","FTL","hurdle",9.38620495285073e-180,1.465396,2.372518,0.907122,0.928
"34","AIF1","hurdle",3.10736528089141e-228,-3.120218,1.204997,4.325215,0.919
"473","HLA-DQA1","hurdle",4.93470908488677e-162,-1.543509,1.543487,3.086996,0.918
"357","FCER1G","hurdle",1.61261262338313e-177,-2.672628,1.200596,3.873224,0.901
"467","HLA-DMA","hurdle",2.92242594116957e-134,-1.489987,1.103529,2.593516,0.895
"903","SAT1","hurdle",2.15264732903361e-77,0.7479499,1.7873987,1.0394488,0.878
"710","NPC2","hurdle",1.94462408772996e-127,-0.2668637,1.3713538,1.6382175,0.878
"672","MS4A6A","hurdle",6.3567248158706e-180,-3.1331636,0.8238579,3.9570215,0.869
"442","GPX1","hurdle",8.46815642435102e-144,0.1441677,1.5904426,1.4462749,0.859
"190","CD68","hurdle",2.77952691444847e-168,-2.9059459,0.8226546,3.7286005,0.859
"620","LYZ","hurdle",6.20170587937403e-156,-2.716089,1.173829,3.889918,0.853
"803","PSAP","hurdle",7.51062019415902e-123,-0.0778826,1.3644671,1.4423497,0.852
"130","C1QB","hurdle",1.8058782033842e-179,-3.117709,1.181328,4.299037,0.835
"259","CTSB","hurdle",2.39028399980581e-125,-0.691461,1.126062,1.817523,0.833
"571","LAPTM5","hurdle",1.06377860906055e-76,-1.2067196,0.9438527,2.1505723,0.832
"254","CST3","hurdle",8.11578618377436e-55,0.7548413,1.7787016,1.0238603,0.831
"468","HLA-DMB","hurdle",8.48292363761754e-122,-2.5773537,0.4714042,3.0487579,0.822
"195","CD83","hurdle",3.20100860376083e-97,-2.0663346,0.7972286,2.8635632,0.821
"129","C1QA","hurdle",1.55584566123194e-163,-3.123868,1.03094,4.154808,0.821
"131","C1QC","hurdle",1.05215081203806e-163,-3.199598,1.035853,4.235451,0.815
"611","LST1","hurdle",7.01387675709414e-123,-2.9480958,0.3072615,3.2553573,0.811
"846","RGS1","hurdle",1.78155358449791e-64,-0.6196081,1.1928446,1.8124527,0.805
"264","CTSS","hurdle",1.81574382090542e-87,-1.8747566,0.6285645,2.5033211,0.802
"925","SGK1","hurdle",3.25187548368887e-75,-1.5578588,0.7175458,2.2754046,0.801
"774","PLAUR","hurdle",7.75170248869981e-94,-2.1592499,0.5456293,2.7048792,0.793
"673","MS4A7","hurdle",2.14294502514164e-83,-2.0950694,0.5717705,2.6668399,0.791
"127","C1orf162","hurdle",6.72272486175436e-95,-2.8204691,0.1865705,3.0070396,0.791
"361","FCGR2A","hurdle",3.44913199705284e-124,-3.1156905,0.2183348,3.3340253,0.787
"58","APOC1","hurdle",6.91364391220155e-118,-2.7175071,0.8686598,3.5861669,0.78
"538","ITGB2","hurdle",2.1155219195561e-60,-2.053069,0.289515,2.342584,0.772
"474","HLA-DQA2","hurdle",2.39184126635604e-78,-2.3068028,0.3988577,2.7056605,0.772
"863","RNASET2","hurdle",2.21022863362386e-53,-1.114351,0.526922,1.641273,0.764
"282","CYBB","hurdle",1.42304416523242e-115,-3.25350799,-0.06345834,3.19004965,0.763
"145","CAPG","hurdle",5.4968980386826e-67,-1.4257937,0.4983477,1.9241414,0.762
"982","SOD2","hurdle",1.26741975094038e-49,-0.817052,0.7601661,1.5772181,0.761
"60","APOE","hurdle",1.49479711547005e-77,-1.44118,1.18629,2.62747,0.761
"161","CCL3","hurdle",2.89350798457733e-97,-2.844825,0.8499424,3.6947674,0.76
"851","RGS2","hurdle",1.42531780066066e-51,-1.3505406,0.6621175,2.0126581,0.759
"446","GRN","hurdle",2.96817516090054e-66,-0.631468,0.7062346,1.3377026,0.758
"241","COTL1","hurdle",3.37213007796918e-49,-1.1464901,0.6403848,1.7868749,0.758
"917","SERPINA1","hurdle",1.46591177502075e-85,-2.62064207,0.08302137,2.70366344,0.756
"363","FCGR3A","hurdle",1.20694373670693e-93,-2.9888827,0.1533793,3.142262,0.755
"834","RASSF4","hurdle",4.05578972997197e-83,-2.930757,-0.16043,2.770327,0.753
"779","PLEK","hurdle",4.18064483192173e-87,-3.039048212,-0.009067054,3.029981158,0.753
"663","MNDA","hurdle",7.06314077127739e-94,-3.14651088,-0.06083444,3.08567644,0.753
"505","IGSF6","hurdle",1.88808116739674e-112,-3.28434555,-0.01827607,3.26606948,0.745
"992","SRGN","hurdle",3.33949744088373e-40,0.3221022,1.4122241,1.0901219,0.741
"714","NR4A2","hurdle",8.44450569483842e-36,-0.3613596,0.8835622,1.2449218,0.741
"623","MAFB","hurdle",1.67793473992165e-50,-1.3243437,0.4999297,1.8242734,0.739
"762","PHACTR1","hurdle",1.49468790888438e-81,-2.9812626,-0.2027043,2.7785583,0.736
"271","CXCL16","hurdle",1.05697617893652e-66,-2.14859749,0.03804856,2.18664605,0.735
"226","CLEC7A","hurdle",3.97449488210392e-89,-3.151937,-0.3561539,2.7957831,0.733
"985","SPI1","hurdle",4.95584286021689e-96,-3.2112528,-0.2087519,3.0025009,0.732
"847","RGS10","hurdle",1.57414152280452e-45,-1.3117101,0.2676393,1.5793494,0.731
"1073","TYMP","hurdle",8.05190684938289e-51,-0.900908,0.52223,1.423138,0.73
"371","FGL2","hurdle",4.7601330887489e-59,-2.50919218,-0.08716259,2.42202959,0.73
"616","LY86","hurdle",1.65564715499221e-77,-3.17668,-0.3740656,2.8026144,0.729
"860","RNASE6","hurdle",3.86140597531507e-89,-3.160084,-0.2783452,2.8817388,0.728
"436","GPR183","hurdle",5.22295576560234e-42,-1.732409,0.398105,2.130514,0.726
"76","ARPC3","hurdle",8.94607689059791e-37,0.2571655,0.9331005,0.675935,0.726
"197","CD86","hurdle",1.80525751604683e-89,-3.2726041,-0.4335769,2.8390272,0.725
"163","CCL4","hurdle",7.25213705379501e-45,-1.2232961,0.9234638,2.1467599,0.725
"265","CTSZ","hurdle",6.45056067572279e-59,-1.6059767,0.1496108,1.7555875,0.723
"164","CCL4L2","hurdle",2.00711975680325e-60,-2.0410769,0.5459832,2.5870601,0.723
"396","FYB","hurdle",8.07576785087523e-44,-1.3719781,0.2708526,1.6428307,0.722
"249","CSF1R","hurdle",3.43272118052634e-94,-3.3073235,-0.4385329,2.8687906,0.721
"1084","VAMP8","hurdle",8.41010481542998e-32,-0.3798491,0.6276969,1.007546,0.72
"588","LILRB4","hurdle",3.03706903608713e-90,-3.2807758,-0.4177162,2.8630596,0.72
"865","RNF130","hurdle",7.50926848676162e-62,-1.74740151,0.08225362,1.82965513,0.718
"633","MARCKS","hurdle",2.06696006156321e-39,-1.4065521,0.1897407,1.5962928,0.718
"260","CTSC","hurdle",2.16320037842479e-36,-1.204728,0.3977303,1.6024583,0.718
"245","CPVL","hurdle",4.61708559241784e-68,-2.7997786,-0.1832161,2.6165625,0.717
"1061","TREM2","hurdle",2.94344468363331e-98,-3.2792476,-0.04961318,3.22963442,0.715
"515","IL18","hurdle",9.77179376356898e-83,-3.0653815,-0.4144031,2.6509784,0.715
"169","CD14","hurdle",5.19277078504962e-77,-2.8116288,-0.0286767,2.7829521,0.713
"674","MSR1","hurdle",1.53904660300119e-94,-3.2850452,-0.2568564,3.0281888,0.71
"646","MFSD1","hurdle",1.68249634381726e-51,-1.8778822,-0.0927311,1.7851511,0.709
"183","CD37","hurdle",2.22083742510053e-45,-1.450979111,-0.004384108,1.446595003,0.708
"460","HERPUD1","hurdle",3.42418608022843e-30,-0.1948799,0.7640488,0.9589287,0.707
"480","HMOX1","hurdle",6.16262767112912e-70,-2.881196,-0.2119244,2.6692716,0.706
"281","CYBA","hurdle",4.46227173229428e-45,-0.929481,0.5944273,1.5239083,0.706
"539","ITM2B","hurdle",9.4452740866271e-21,0.8257036,1.3479865,0.5222829,0.705
"457","HCLS1","hurdle",5.03297290393814e-40,-1.9135729,-0.1471328,1.7664401,0.705
"350","FAM26F","hurdle",2.95752913182919e-75,-3.1607822,-0.3958157,2.7649665,0.705
"137","C5AR1","hurdle",3.4948788619344e-79,-3.244058,-0.422279,2.821779,0.705
"261","CTSD","hurdle",8.29068373912339e-70,-0.3812429,0.8698764,1.2511193,0.7
"928","SH3BGRL3","hurdle",8.90675923741521e-22,0.436435,1.086417,0.649982,0.699
"313","DUSP1","hurdle",3.60756542280307e-19,0.9874752,1.5361701,0.5486949,0.699
"516","IL1B","hurdle",1.28932134057681e-92,-3.28896325,0.08859977,3.37756302,0.698
"23","ADAP2","hurdle",4.14572275766602e-54,-2.8681768,-0.4761915,2.3919853,0.698
"894","S100A11","hurdle",2.35959276212827e-19,0.9294309,1.433176,0.5037451,0.697
"617","LY96","hurdle",1.70445165436679e-41,-2.1873284,-0.1973048,1.9900236,0.697
"690","NAMPT","hurdle",1.7692588877492e-29,-0.6359255,0.4690738,1.1049993,0.696
"107","BCL2A1","hurdle",1.6150404504094e-55,-2.8160856,-0.2390635,2.5770221,0.696
"796","PPT1","hurdle",2.49638872382383e-38,-1.32414436,0.04218195,1.36632631,0.693
"415","GLIPR1","hurdle",1.4609558209725e-33,-1.6864818,-0.1602188,1.526263,0.693
"80","ARRB2","hurdle",1.45264457535482e-38,-2.49384,-0.4500989,2.0437411,0.693
"896","S100A4","hurdle",4.69780773969594e-22,0.1125162,1.023575,0.9110588,0.691
"727","OLR1","hurdle",3.4722332175356e-79,-3.3018547,-0.3704701,2.9313846,0.691
"185","CD4","hurdle",5.25000008372118e-44,-2.7156172,-0.5826047,2.1330125,0.691
"98","ATP6V1B2","hurdle",1.80515571252297e-43,-2.2599702,-0.2915882,1.968382,0.691
"1053","TNFSF13B","hurdle",1.0835111322294e-45,-2.738459,-0.553202,2.185257,0.69
"610","LSP1","hurdle",5.9974793450314e-34,-1.57930106,-0.01100052,1.56830054,0.69
"364","FCGRT","hurdle",1.83231609083507e-33,-0.6557334,0.4478403,1.1035737,0.689
"262","CTSH","hurdle",8.63811600573751e-40,-1.4069471,0.1170587,1.5240058,0.688
"498","IFI30","hurdle",1.45918315031843e-63,-3.0585929,-0.4499109,2.608682,0.687
"89","ATP1B3","hurdle",3.87773676139772e-23,-0.8231643,0.2804523,1.1036166,0.687
"134","C3AR1","hurdle",2.60511810643182e-62,-3.1557215,-0.7617284,2.3939931,0.684
"43","ALOX5AP","hurdle",1.84425238316793e-30,-1.6495704,0.1079634,1.7575338,0.684
"901","SAMHD1","hurdle",3.46222877557329e-33,-1.8620661,-0.2985138,1.5635523,0.683
"162","CCL3L3","hurdle",2.03145233376779e-67,-2.9894975,0.2394776,3.2289751,0.683
"575","LGALS1","hurdle",9.0789130129113e-19,0.2750154,1.0337176,0.7587022,0.682
"574","LCP2","hurdle",3.7584873304671e-39,-2.5399288,-0.5972375,1.9426913,0.682
"437","GPR34","hurdle",6.36543998197536e-71,-3.2835276,-0.6045203,2.6790073,0.679
"670","MS4A4A","hurdle",2.18146199361089e-80,-3.2932839,-0.5717423,2.7215416,0.677
"649","MGAT1","hurdle",3.52573364931786e-29,-1.6261098,-0.1778446,1.4482652,0.676
"555","KCTD12","hurdle",2.89508783596472e-26,-1.9469455,-0.3754894,1.5714561,0.676
"599","LITAF","hurdle",1.47926898158097e-17,-0.1750692,0.5927415,0.7678107,0.675
"568","LAIR1","hurdle",2.10428563149212e-57,-3.1372801,-0.8075702,2.3297099,0.675
"768","PILRA","hurdle",1.66521538661108e-70,-3.3024949,-0.8029606,2.4995343,0.674
"188","CD53","hurdle",6.32977986245105e-42,-1.4746438,-0.1955666,1.2790772,0.674
"362","FCGR2B","hurdle",2.48216177252035e-66,-3.1675549,-0.7145786,2.4529763,0.673
"788","PLXDC2","hurdle",1.23937146090802e-34,-2.087111,-0.283737,1.803374,0.672
"684","NABP1","hurdle",6.97049813661502e-20,-1.7692012,-0.3453944,1.4238068,0.672
"353","FAM49B","hurdle",1.31935763322408e-26,-1.4150516,-0.1602834,1.2547682,0.672
"1038","TMEM176B","hurdle",1.90385218797508e-33,-1.79739541,-0.04341366,1.75398175,0.671
"492","ID2","hurdle",1.25349723869338e-21,-0.54717,0.4675462,1.0147162,0.671
"598","LIPA","hurdle",1.15337470368737e-39,-2.053908,-0.300698,1.75321,0.67
"327","EMP3","hurdle",5.59942123725028e-23,-1.2075569,0.1161191,1.323676,0.67
"286","DAB2","hurdle",1.01303419127782e-35,-1.960564,-0.206947,1.753617,0.67
"1020","TGFBI","hurdle",3.56993282561445e-25,-2.25762,-0.5137594,1.7438606,0.669
"950","SLC1A3","hurdle",7.66101504286117e-60,-3.1626286,-0.6807553,2.4818733,0.669
"170","CD163","hurdle",2.30513791088922e-76,-3.314636,-0.680699,2.633937,0.669
"99","ATP6V1F","hurdle",3.64740190889868e-25,-0.3593693,0.446935,0.8063043,0.669
"38","AKR1B1","hurdle",2.50601802025984e-29,-2.1552921,-0.4787102,1.6765819,0.668
"715","NR4A3","hurdle",3.2257210858728e-28,-1.9649625,-0.1598494,1.8051131,0.667
"695","NCF4","hurdle",2.26000196564693e-39,-2.9350528,-0.7801696,2.1548832,0.667
"274","CXCL8","hurdle",8.65086129364047e-61,-2.8487062,0.1537256,3.0024318,0.666
"53","AP1S2","hurdle",5.11794189430099e-26,-1.8749802,-0.3799666,1.4950136,0.666
"235","CNPY3","hurdle",2.56991377445548e-23,-1.6257585,-0.3181022,1.3076563,0.665
"201","CECR1","hurdle",4.63643247701844e-35,-2.7485247,-0.7979496,1.9505751,0.665
"853","RHOG","hurdle",1.94607967476339e-27,-1.5065398,-0.2487743,1.2577655,0.664
"533","IRF8","hurdle",1.49155701629243e-35,-2.899536,-0.7694827,2.1300533,0.664
"1106","ZFAND5","hurdle",4.67790786770616e-20,-0.2885242,0.5259537,0.8144779,0.662
"969","SLCO2B1","hurdle",2.51677489530114e-53,-3.1301713,-0.7823656,2.3478057,0.662
"632","MARCH1","hurdle",7.51468578022585e-43,-3.1849178,-0.9907464,2.1941714,0.661
"858","RNASE1","hurdle",6.01602972783367e-28,-1.3190007,0.4174483,1.736449,0.66
"573","LCP1","hurdle",1.31636057238528e-29,-1.6616782,-0.3296012,1.332077,0.66
"452","HAVCR2","hurdle",3.10045505178312e-39,-2.9653707,-0.8892405,2.0761302,0.66
"359","FCGR1A","hurdle",2.66571211123362e-66,-3.297663,-0.7342221,2.5634409,0.66
"95","ATP6V0B","hurdle",1.07016338542682e-19,-0.3750905,0.3814413,0.7565318,0.66
"75","ARPC2","hurdle",2.22840046931098e-16,0.04439077,0.64470964,0.60031887,0.659
"276","CXCR4","hurdle",9.46823625160252e-42,0.05745581,0.80910171,0.7516459,0.658
"255","CSTA","hurdle",2.35704838246858e-51,-3.1330873,-0.7684108,2.3646765,0.658
"577","LGALS9","hurdle",1.32006253729774e-29,-2.348218,-0.632331,1.715887,0.657
"78","ARPC5","hurdle",4.19513316766424e-17,-0.4959501,0.2785149,0.774465,0.657
"1024","THEMIS2","hurdle",2.49926124813808e-46,-3.137629,-1.059619,2.07801,0.656
"841","REL","hurdle",1.35093093090773e-18,-0.6600903,0.3228729,0.9829632,0.655
"785","PLIN2","hurdle",7.55656494276954e-22,-1.40032058,-0.03618615,1.36413443,0.654
"196","CD84","hurdle",2.3567145848387e-32,-2.6826917,-0.8750893,1.8076024,0.654
"148","CARD16","hurdle",2.24590152282479e-19,-1.6566656,-0.4688674,1.1877982,0.654
"1096","VSIG4","hurdle",1.3049075649792e-63,-3.314882,-0.8634212,2.4514608,0.653
"964","SLC7A7","hurdle",2.18780841685456e-48,-3.1416395,-0.9659041,2.1757354,0.652
"263","CTSL","hurdle",3.44579040399501e-29,-1.5334362,-0.1391589,1.3942773,0.652
"133","C3","hurdle",6.17146984175132e-30,-2.1082777,-0.3344073,1.7738704,0.652
"456","HCK","hurdle",1.33975889144096e-49,-3.261603,-1.171541,2.090062,0.651
"453","HBEGF","hurdle",1.30839154000403e-26,-2.0548014,-0.4656987,1.5891027,0.649
"388","FPR3","hurdle",2.63039920966647e-56,-3.2958879,-0.9565017,2.3393862,0.649
"910","SDCBP","hurdle",5.14110774759716e-15,-0.2629857,0.438189,0.7011747,0.648
"74","ARPC1B","hurdle",2.82668119104236e-17,-0.6876167,0.2026396,0.8902563,0.647
"562","KLF4","hurdle",3.11187256468916e-15,-0.5022729,0.3613235,0.8635964,0.646
"418","GLUL","hurdle",7.31116469103136e-13,0.1039003,0.7146902,0.6107899,0.646
"537","ITGAX","hurdle",7.73262257235402e-39,-3.243314,-1.153796,2.089518,0.645
"618","LYN","hurdle",1.50337008283042e-27,-2.8602015,-0.9909193,1.8692822,0.644
"591","LIMS1","hurdle",4.26765488165779e-22,-1.3814332,-0.1779731,1.2034601,0.644
"576","LGALS2","hurdle",2.29290107497824e-63,-3.2949249,-0.5213667,2.7735582,0.644
"250","CSF2RA","hurdle",2.46356143814293e-46,-3.301169,-1.156562,2.144607,0.644
"153","CCDC88A","hurdle",8.59591575844712e-26,-2.4846267,-0.8044499,1.6801768,0.644
"40","ALDH2","hurdle",8.74896426226749e-25,-1.9351728,-0.5072242,1.4279486,0.644
"441","GPSM3","hurdle",2.59410790265516e-23,-1.7164909,-0.6163684,1.1001225,0.642
"368","FERMT3","hurdle",3.42507242005593e-21,-2.658676,-1.036026,1.62265,0.642
"204","CFD","hurdle",4.77985263303925e-19,-1.18136232,0.09699172,1.27835404,0.642
"821","RAB31","hurdle",9.27878005898009e-18,-1.7828843,-0.4921314,1.2907529,0.641
"525","INSIG1","hurdle",5.840344684456e-18,-1.34470602,-0.09867569,1.24603033,0.641
"37","AKR1A1","hurdle",2.17481353018754e-19,-1.0874679,-0.1702882,0.9171797,0.641
"1013","TBXAS1","hurdle",3.59707263395711e-33,-3.135638,-1.141257,1.994381,0.64
"830","RASGEF1B","hurdle",2.0751550494502e-27,-2.5319709,-0.8071818,1.7247891,0.64
"256","CSTB","hurdle",2.32278280482618e-22,-0.06825589,0.58926005,0.65751594,0.64
"125","C15orf48","hurdle",2.35832981701543e-23,-1.54790487,0.03972529,1.58763016,0.639
"222","CLEC4A","hurdle",2.95213468891596e-35,-3.271888,-1.176316,2.095572,0.638
"211","CHMP1B","hurdle",6.96718146081203e-23,-1.30926297,-0.04583326,1.26342971,0.638
"1034","TM6SF1","hurdle",3.82063280837898e-29,-3.01343,-1.167271,1.846159,0.637
"216","CKLF","hurdle",9.30135919847004e-20,-1.6360983,-0.4339146,1.2021837,0.637
"827","RAP2B","hurdle",1.19969730881793e-17,-2.3699212,-0.8034388,1.5664824,0.636
"711","NPL","hurdle",2.14344495476468e-46,-3.1625077,-0.9450343,2.2174734,0.636
"387","FPR1","hurdle",3.12243870193218e-44,-3.291927,-1.078003,2.213924,0.636
"144","CAP1","hurdle",2.21772361358055e-14,-0.65611029,0.09938761,0.7554979,0.636
"83","ASAH1","hurdle",3.58661583625104e-16,-0.5546888,0.2189799,0.7736687,0.636
"1104","ZEB2","hurdle",5.97752695460862e-14,-1.8390752,-0.6235456,1.2155296,0.635
"465","HIF1A","hurdle",6.0011230743757e-16,-1.5784233,-0.4430138,1.1354095,0.635
"50","AOAH","hurdle",2.0920346617134e-27,-2.943847,-1.14094,1.802907,0.635
"920","SERPINF1","hurdle",8.24379118368115e-15,-1.3716182,-0.3756449,0.9959733,0.634
"836","RB1","hurdle",7.41990674394039e-25,-2.1376358,-0.6129707,1.5246651,0.634
"572","LAT2","hurdle",3.86038132085532e-27,-3.030553,-1.282165,1.748388,0.634
"469","HLA-DOA","hurdle",2.12456792071443e-30,-3.120048,-1.197814,1.922234,0.634
"354","FAM96A","hurdle",6.36855601631994e-17,-1.3757705,-0.3805519,0.9952186,0.634
"760","PFKFB3","hurdle",5.21569611013739e-19,-1.9962104,-0.7234616,1.2727488,0.633
"63","ARHGAP18","hurdle",3.17291411088692e-25,-2.1948944,-0.7176546,1.4772398,0.633
"458","HCST","hurdle",5.67236721468875e-25,-1.6543118,-0.4381335,1.2161783,0.632
"205","CFLAR","hurdle",3.01288122206241e-15,-1.2022998,-0.1860975,1.0162023,0.632
"177","CD300A","hurdle",2.77077189617433e-36,-3.147725,-1.146535,2.00119,0.632
"1058","TPP1","hurdle",2.85628675543901e-16,-1.72377,-0.5880133,1.1357567,0.631
"812","PTPRC","hurdle",4.54005555977971e-37,-0.720910578,-0.006505357,0.714405221,0.631
"697","NCKAP1L","hurdle",2.73669323140624e-21,-2.86588,-1.129289,1.736591,0.629
"444","GRB2","hurdle",3.41895999428154e-16,-1.215736,-0.251256,0.96448,0.629
"238","CORO1A","hurdle",1.29977754529334e-21,-1.4497669,-0.4368735,1.0128934,0.629
"1102","YBX1","hurdle",6.99040478064066e-12,0.1372785,0.6523439,0.5150654,0.628
"974","SNX10","hurdle",1.79839544355597e-25,-2.4612396,-0.8659438,1.5952958,0.628
"49","ANXA5","hurdle",1.88201009246642e-10,-0.4576123,0.2059803,0.6635926,0.628
"430","GPNMB","hurdle",3.95458928523225e-24,-2.1722718,-0.4064602,1.7658116,0.627
"693","NCF1","hurdle",1.17385030252241e-18,-2.6353002,-0.9757313,1.6595689,0.626
"395","FXYD5","hurdle",5.13190414684601e-10,0.002477196,0.554822241,0.552345045,0.626
"314","DUSP2","hurdle",3.49230629224766e-17,-0.5808816,0.2189192,0.7998008,0.626
"1","ABCA1","hurdle",6.48415925994323e-22,-2.679715,-1.047105,1.63261,0.626
"694","NCF2","hurdle",6.52690872624099e-33,-3.207993,-1.278052,1.929941,0.625
"384","FOLR2","hurdle",3.8569617879269e-59,-3.3109868,-0.8972796,2.4137072,0.625
"115","BMP2K","hurdle",4.86150000214438e-20,-2.6007,-1.008865,1.591835,0.625
"965","SLC8A1","hurdle",7.17724970100071e-25,-2.848735,-1.073493,1.775242,0.623
"805","PSME2","hurdle",6.37939292222611e-20,-0.3147534,0.3868124,0.7015658,0.623
"641","MEF2A","hurdle",5.8141141743165e-18,-2.0201576,-0.6654856,1.354672,0.623
"481","HNMT","hurdle",1.5976905179244e-22,-1.966585,-0.659031,1.307554,0.623
"1079","UCP2","hurdle",5.59148515728212e-16,-1.6185087,-0.4960649,1.1224438,0.622
"1003","STX11","hurdle",1.1902532746012e-21,-2.6961558,-0.9862813,1.7098745,0.622
"778","PLD4","hurdle",4.53259002887495e-46,-3.289326,-1.125387,2.163939,0.622
"680","MYO1F","hurdle",2.86181058979602e-19,-2.663007,-1.179338,1.483669,0.622
"272","CXCL2","hurdle",7.58328502723492e-18,-1.841525,-0.199357,1.642168,0.622
"494","IER3","hurdle",1.28454476176495e-11,0.05892003,0.69585584,0.63693581,0.621
"20","ADAM28","hurdle",5.86946916703057e-28,-3.065541,-1.258054,1.807487,0.621
"749","PARVG","hurdle",1.82057710479148e-19,-2.79862,-1.186641,1.611979,0.62
"688","NAGK","hurdle",6.25195599469832e-19,-1.8780793,-0.6678758,1.2102035,0.62
"564","KYNU","hurdle",7.50914308591791e-20,-2.82826,-1.261695,1.566565,0.62
"243","CPM","hurdle",7.37185613684314e-21,-2.4236657,-0.8786454,1.5450203,0.62
"202","CELF2","hurdle",5.11618379653155e-13,-1.6932016,-0.6617623,1.0314393,0.62
"1018","TFEC","hurdle",1.46817296028364e-35,-3.282339,-1.335873,1.946466,0.619
"864","RNF13","hurdle",3.56280435353692e-16,-1.2607494,-0.3573271,0.9034223,0.619
"707","NLRP3","hurdle",2.53911547187367e-27,-3.006847,-1.158387,1.84846,0.619
"1037","TMEM176A","hurdle",1.8775355748938e-16,-1.8507938,-0.5579604,1.2928334,0.618
"787","PLTP","hurdle",9.95631992841957e-21,-2.21718,-0.57113,1.64605,0.618
"233","CMTM6","hurdle",2.51329002026907e-11,-0.8786434,-0.1406797,0.7379637,0.618
"42","ALOX5","hurdle",9.44267431650903e-28,-2.989878,-1.17068,1.819198,0.618
"1109","ZNF331","hurdle",1.9374466901883e-10,-0.86531999,0.01343845,0.87875844,0.617
"1007","SYK","hurdle",2.32719934550505e-23,-3.136793,-1.477571,1.659222,0.617
"500","IFNGR1","hurdle",2.42039667904427e-14,-1.3474097,-0.3913357,0.956074,0.617
"116","BNIP3L","hurdle",2.06585600261398e-11,-0.9913362,-0.2247942,0.766542,0.617
"438","GPR65","hurdle",2.7551888180699e-16,-2.0797528,-0.7704381,1.3093147,0.616
"347","FAM105A","hurdle",1.34526491144736e-18,-2.71736,-1.133797,1.583563,0.616
"128","C1orf54","hurdle",2.20020526341474e-17,-2.2795713,-0.8867557,1.3928156,0.616
"1093","VOPP1","hurdle",1.12200324588048e-17,-1.9543135,-0.7378638,1.2164497,0.615
"867","RNF149","hurdle",1.27683818661791e-11,-1.2145813,-0.4048589,0.8097224,0.615
"822","RAB32","hurdle",1.64500550406254e-16,-2.540492,-1.147832,1.39266,0.615
"414","GLA","hurdle",4.65399177595134e-14,-1.7204336,-0.5268141,1.1936195,0.615
"988","SPP1","hurdle",6.66395518476765e-41,-2.9730487,-0.2318069,2.7412418,0.614
"123","C10orf54","hurdle",1.50169499730917e-11,-1.6629157,-0.6578356,1.0050801,0.614
"689","NAIP","hurdle",1.30150679571118e-24,-2.863743,-1.206719,1.657024,0.613
"642","MEF2C","hurdle",3.07792620669147e-06,-1.5804715,-0.6894277,0.8910438,0.613
"912","SDS","hurdle",5.80266926263121e-45,-3.310209,-1.207056,2.103153,0.612
"417","GLRX","hurdle",3.65692738886682e-12,-1.5224382,-0.5463754,0.9760628,0.612
"401","GABARAP","hurdle",4.75520833103259e-12,-0.1295548,0.4424924,0.5720472,0.612
"16","ACSL1","hurdle",1.73069366314301e-26,-2.854788,-1.171202,1.683586,0.612
"744","PAK1","hurdle",3.60355217370872e-19,-2.590474,-1.189068,1.401406,0.611
"668","MPP1","hurdle",2.42817727862074e-17,-2.803588,-1.28741,1.516178,0.611
"578","LGMN","hurdle",2.06045059085696e-29,-1.8143456,-0.4166315,1.3977141,0.611
"508","IL10RA","hurdle",2.18284694286958e-16,-2.351269,-1.117712,1.233557,0.611
"342","EVI2B","hurdle",6.10967452567869e-18,-2.1561478,-0.9639765,1.1921713,0.611
"55","APBB1IP","hurdle",9.80361720967653e-09,-2.467791,-1.266446,1.201345,0.611
"1094","VPS29","hurdle",2.5421380321005e-09,-0.7465619,-0.1006691,0.6458928,0.61
"1089","VIM","hurdle",3.85965729118312e-29,0.997899,1.498189,0.50029,0.61
"705","NINJ1","hurdle",4.76036922140003e-16,-1.0799133,-0.1793099,0.9006034,0.61
"542","JAML","hurdle",4.91815413675044e-18,-2.830783,-1.151509,1.679274,0.61
"345","FABP5","hurdle",1.98002442672533e-08,-0.9763426,-0.1332311,0.8431115,0.61
"998","STAB1","hurdle",1.08345290191879e-20,-2.695739,-1.010876,1.684863,0.609
"954","SLC31A2","hurdle",7.72204690861696e-16,-2.500105,-1.234659,1.265446,0.609
"850","RGS19","hurdle",1.10345853624672e-16,-2.3164897,-0.9585979,1.3578918,0.609
"813","PTPRE","hurdle",5.72246944213363e-14,-2.1560455,-0.9413269,1.2147186,0.609
"586","LILRB2","hurdle",5.47541192603563e-33,-3.316672,-1.487389,1.829283,0.609
"476","HLA-DQB2","hurdle",1.82663099990451e-30,-3.122205,-1.211893,1.910312,0.609
"462","HEXB","hurdle",2.0963090336768e-14,-1.305942,-0.466944,0.838998,0.609
"221","CLEC2B","hurdle",3.94754836040994e-11,-0.9469905,-0.2697223,0.6772682,0.609
"753","PDE4DIP","hurdle",1.0233910639307e-11,-2.0243941,-0.8677304,1.1566637,0.608
"698","NCOA4","hurdle",4.12691082765829e-15,-1.7953041,-0.7257301,1.069574,0.608
"52","AP1B1","hurdle",3.24373607645197e-18,-2.555232,-1.053948,1.501284,0.608
"420","GMFG","hurdle",1.42719122502475e-09,-0.9646546,-0.2928379,0.6718167,0.607
"105","BASP1","hurdle",1.0771700220032e-12,-2.481965,-1.133949,1.348016,0.607
"1091","VMO1","hurdle",4.75684958072228e-32,-3.179231,-1.349849,1.829382,0.606
"946","SLC15A3","hurdle",7.52789737922702e-25,-3.017955,-1.351586,1.666369,0.606
"905","SCAMP2","hurdle",1.85376209247678e-11,-1.6668307,-0.7372157,0.929615,0.606
"248","CREG1","hurdle",1.48683473688888e-16,-1.5662343,-0.5558052,1.0104291,0.606
"102","AXL","hurdle",3.91105891323657e-16,-2.571674,-1.148905,1.422769,0.606
"1098","WAS","hurdle",1.43396411463618e-12,-2.64033,-1.2589,1.38143,0.605
"983","SORL1","hurdle",5.11146876433844e-19,-2.294721,-1.052897,1.241824,0.605
"943","SLAMF8","hurdle",4.80019910597653e-25,-3.27777,-1.632502,1.645268,0.605
"17","ACTR2","hurdle",5.99026904669248e-11,-1.1110929,-0.3899529,0.72114,0.605
"786","PLSCR1","hurdle",3.9357356121273e-10,-1.2137111,-0.3794805,0.8342306,0.604
"332","EPSTI1","hurdle",8.4347875243657e-11,-2.266357,-1.118381,1.147976,0.604
"501","IFNGR2","hurdle",2.47384061101582e-13,-1.4009288,-0.5038673,0.8970615,0.603
"413","GK","hurdle",5.31648989745744e-17,-2.631467,-1.194944,1.436523,0.603
"1029","TLR2","hurdle",2.73450458412451e-29,-3.289489,-1.563604,1.725885,0.602
"667","MPEG1","hurdle",1.31241144985505e-33,-3.283765,-1.504088,1.779677,0.602
"448","GYPC","hurdle",1.89463280807615e-07,-1.3553149,-0.4580161,0.8972988,0.602
"341","EVI2A","hurdle",1.29252093029961e-21,-2.313895,-1.204792,1.109103,0.602
"36","AKIRIN2","hurdle",2.00420334994457e-14,-1.7923658,-0.8168758,0.97549,0.602
"1021","TGFBR1","hurdle",5.01367591845723e-18,-2.590246,-1.079306,1.51094,0.601
"613","LTC4S","hurdle",5.14167837562851e-16,-2.354553,-1.009798,1.344755,0.601
"570","LAP3","hurdle",4.18686330640086e-11,-1.131962,-0.332582,0.79938,0.601
"461","HEXA","hurdle",1.52847012600578e-16,-2.071069,-0.9382011,1.1328679,0.601
"397","G0S2","hurdle",2.75315520133872e-26,-2.804338,-0.655294,2.149044,0.601
"187","CD48","hurdle",2.96525119289303e-18,-1.5380071,-0.7985199,0.7394872,0.601
"703","NFKBID","hurdle",1.867213937885e-16,-2.1747074,-0.9286425,1.2460649,0.6
"312","DSE","hurdle",1.76279697801671e-13,-2.691074,-1.320609,1.370465,0.6
"1072","TWF2","hurdle",2.83563320877657e-12,-1.7250738,-0.7804884,0.9445854,0.599
"971","SMCO4","hurdle",1.36860312635366e-13,-2.482373,-1.273397,1.208976,0.599
"839","RCSD1","hurdle",3.50166833183892e-09,-2.40002,-1.298,1.10202,0.599
"1101","WIPF1","hurdle",1.44586245889878e-05,-1.791173,-1.050443,0.74073,0.598
"811","PTPN6","hurdle",3.38416780404427e-12,-2.492494,-1.218021,1.274473,0.598
"790","PMAIP1","hurdle",4.60049683175882e-07,-1.3478447,-0.4949843,0.8528604,0.598
"775","PLBD1","hurdle",2.27440086126829e-18,-2.525884,-1.261392,1.264492,0.598
"383","FNIP2","hurdle",2.66654482010702e-15,-2.227368,-1.061367,1.166001,0.598
"303","DOCK8","hurdle",2.26462035853063e-10,-2.128281,-1.074151,1.05413,0.598
"287","DAPK1","hurdle",1.92147222998991e-26,-3.13192,-1.519852,1.612068,0.598
"146","CAPZB","hurdle",3.09608066752225e-08,-0.5003879,0.04309649,0.54348439,0.598
"1103","YWHAH","hurdle",1.88137154901291e-17,-0.9631525,-0.1506608,0.8124917,0.597
"1049","TNFRSF1B","hurdle",3.80455961738584e-09,-1.825289,-1.008559,0.81673,0.597
"1046","TNFAIP3","hurdle",2.23403820157735e-10,-0.4225909,0.1289356,0.5515265,0.597
"820","RAB20","hurdle",3.93752457923842e-18,-2.530695,-1.128217,1.402478,0.597
"818","QKI","hurdle",1.11746252407645e-10,-1.9491277,-0.9305795,1.0185482,0.597
"587","LILRB3","hurdle",1.04981928247026e-26,-3.290219,-1.597278,1.692941,0.597
"117","BRI3","hurdle",1.93185252721575e-10,-1.6337327,-0.6905355,0.9431972,0.597
"914","SELPLG","hurdle",1.57683270360659e-15,-2.663619,-1.418947,1.244672,0.596
"394","FUOM","hurdle",1.98923899867175e-16,-2.852368,-1.466449,1.385919,0.596
"103","B3GNT5","hurdle",1.04347794312399e-15,-2.998932,-1.50555,1.493382,0.596
"557","KDM6B","hurdle",4.90645354236213e-11,-1.3236819,-0.4159087,0.9077732,0.595
"450","HACD4","hurdle",1.24738535265058e-11,-2.391697,-1.227908,1.163789,0.595
"168","CCRL2","hurdle",7.72904267080434e-17,-3.036677,-1.596758,1.439919,0.595
"96","ATP6V0D1","hurdle",7.98141783451634e-11,-1.5440583,-0.6928116,0.8512467,0.595
"650","MGAT4A","hurdle",5.66177556020425e-09,-1.7977881,-0.9074697,0.8903184,0.594
"352","FAM49A","hurdle",1.03693475921909e-18,-2.884143,-1.449062,1.435081,0.594
"976","SNX2","hurdle",6.55209069601904e-11,-1.5339493,-0.6770085,0.8569408,0.593
"843","RENBP","hurdle",6.60714759911163e-24,-3.132623,-1.604605,1.528018,0.593
"229","CLN8","hurdle",3.70208768887838e-13,-2.380834,-1.108811,1.272023,0.593
"139","C9orf72","hurdle",4.51542359058129e-14,-2.799138,-1.400863,1.398275,0.593
"35","AKAP13","hurdle",2.47824667827113e-07,-0.9298828,-0.3012785,0.6286043,0.593
"1081","UPP1","hurdle",3.69819045383659e-11,-1.968913,-1.00819,0.960723,0.592
"866","RNF144B","hurdle",7.11218265337383e-16,-2.423431,-1.100947,1.322484,0.592
"730","OSM","hurdle",1.71433185636991e-26,-3.204529,-1.415657,1.788872,0.592
"725","OGFRL1","hurdle",1.18300307815594e-09,-2.495924,-1.317246,1.178678,0.592
"311","DRAM2","hurdle",9.1228750960901e-11,-1.5470619,-0.6885057,0.8585562,0.592
"234","CMTM7","hurdle",2.65893486489678e-07,-2.106335,-1.143564,0.962771,0.592
"18","ACTR3","hurdle",7.91023640062966e-08,-0.7595956,-0.1970524,0.5625432,0.592
"1078","UBE2E2","hurdle",1.09525317344287e-10,-2.334645,-1.186162,1.148483,0.591
"1052","TNFSF13","hurdle",1.39792162983549e-28,-2.932865,-1.261919,1.670946,0.591
"997","ST8SIA4","hurdle",3.13501834728737e-09,-2.65817,-1.495437,1.162733,0.591
"927","SH2B3","hurdle",1.47695763989054e-15,-2.844432,-1.503955,1.340477,0.591
"716","NRP2","hurdle",6.96650782197122e-11,-2.348575,-1.202637,1.145938,0.59
"606","LRRC25","hurdle",3.10053302667398e-24,-3.300963,-1.746159,1.554804,0.59
"590","LIMD2","hurdle",2.80499938603998e-09,-1.8095,-1.014163,0.795337,0.59
"489","HSPH1","hurdle",1.06859685187214e-05,-0.106001,0.3990805,0.5050815,0.59
"325","ELMO1","hurdle",6.56664406071578e-07,-2.260244,-1.391364,0.86888,0.59
"219","CLEC10A","hurdle",9.12335593354846e-33,-3.312533,-1.408596,1.903937,0.59
"1010","TAOK3","hurdle",4.12256036536554e-09,-1.6235625,-0.8364261,0.7871364,0.589
"761","PGD","hurdle",2.01882375601322e-08,-2.219609,-1.193551,1.026058,0.589
"301","DOCK2","hurdle",8.78123685325164e-09,-2.917257,-1.735025,1.182232,0.589
"182","CD33","hurdle",5.91836627682649e-15,-3.279603,-1.811012,1.468591,0.589
"944","SLC11A1","hurdle",3.46833783687033e-30,-3.215611,-1.428442,1.787169,0.588
"941","SKAP2","hurdle",1.27752103050605e-12,-2.031773,-1.058056,0.973717,0.588
"940","SIRPA","hurdle",1.95722241552533e-13,-2.847662,-1.509811,1.337851,0.588
"929","SH3BP1","hurdle",9.65176687965296e-09,-2.712513,-1.610106,1.102407,0.588
"783","PLEKHO1","hurdle",7.58160209164246e-11,-2.353236,-1.22078,1.132456,0.588
"503","IGFLR1","hurdle",4.22105858638642e-14,-3.0757,-1.662815,1.412885,0.588
"302","DOCK4","hurdle",1.48742770177447e-15,-2.760916,-1.292471,1.468445,0.588
"150","CASP1","hurdle",8.76700320845889e-11,-2.302618,-1.235933,1.066685,0.587
"120","BTK","hurdle",4.96572921820522e-16,-3.242679,-1.756208,1.486471,0.587
"1077","UBE2D1","hurdle",6.94581541535822e-11,-1.8761564,-0.9532749,0.9228815,0.586
"951","SLC20A1","hurdle",3.81951090988542e-09,-1.9062376,-0.9488221,0.9574155,0.586
"869","RP11-1143G9.4","hurdle",1.62021956959775e-24,-3.230692,-1.422408,1.808284,0.586
"773","PLAU","hurdle",1.80269862864886e-13,-2.503541,-1.103797,1.399744,0.586
"661","MMP19","hurdle",6.91035268485855e-18,-2.819439,-1.1882,1.631239,0.586
"625","MAN2B1","hurdle",6.02149805218033e-13,-2.669002,-1.39726,1.271742,0.586
"1044","TNF","hurdle",1.71712413645217e-11,-2.1430185,-0.7929264,1.3500921,0.585
"979","SNX6","hurdle",1.2643897285585e-06,-0.9778008,-0.3640969,0.6137039,0.585
"959","SLC43A2","hurdle",1.91583280971397e-15,-2.802753,-1.458445,1.344308,0.585
"251","CSF3R","hurdle",4.56977006664967e-16,-2.998084,-1.609013,1.389071,0.585
"189","CD58","hurdle",1.49740577569047e-06,-2.367825,-1.328651,1.039174,0.585
"1045","TNFAIP2","hurdle",2.44637951793667e-13,-2.443233,-1.21749,1.225743,0.584
"802","PRNP","hurdle",4.10126592704583e-06,-1.5780841,-0.8516804,0.7264037,0.584
"801","PRMT9","hurdle",2.50992304936417e-10,-2.470108,-1.340314,1.129794,0.584
"771","PLA2G7","hurdle",6.22016827002522e-25,-3.30585,-1.584646,1.721204,0.584
"731","OSTF1","hurdle",4.69855264596676e-08,-1.3474174,-0.6416101,0.7058073,0.584
"423","GNA15","hurdle",6.78819171271239e-11,-2.930577,-1.718356,1.212221,0.584
"215","CIITA","hurdle",2.10775969787637e-14,-3.101414,-1.763607,1.337807,0.584
"68","ARHGAP4","hurdle",1.49464012517726e-07,-2.514985,-1.387149,1.127836,0.584
"918","SERPINB1","hurdle",2.52440325768988e-09,-1.1455329,-0.4635872,0.6819457,0.583
"807","PTGER4","hurdle",5.8712928267962e-12,-2.079668,-1.156126,0.923542,0.583
"793","PPIF","hurdle",3.13855672404612e-10,-1.9300628,-0.9328353,0.9972275,0.583
"789","PLXNC1","hurdle",2.46724214073841e-14,-3.043631,-1.623138,1.420493,0.583
"593","LINC00936","hurdle",2.44477921016114e-11,-2.496067,-1.238996,1.257071,0.583
"585","LILRB1","hurdle",3.19946821624104e-18,-3.269646,-1.823895,1.445751,0.583
"447","GSTO1","hurdle",6.36861770353702e-08,-1.2317772,-0.5670389,0.6647383,0.583
"369","FGD2","hurdle",3.04531618720922e-21,-3.2625,-1.74926,1.51324,0.583
"343","F13A1","hurdle",8.5872625362053e-27,-3.250669,-1.521097,1.729572,0.583
"181","CD302","hurdle",6.88806020039618e-14,-2.693168,-1.43982,1.253348,0.583
"136","C4orf48","hurdle",0.000150227096975312,-1.1812937,-0.6507421,0.5305516,0.583
"1060","TREM1","hurdle",8.4083976416291e-34,-3.321928,-1.574238,1.74769,0.582
"942","SLAMF7","hurdle",7.91322682236873e-11,-3.013581,-1.74847,1.265111,0.582
"520","IL4I1","hurdle",1.9788418504878e-22,-3.182587,-1.676758,1.505829,0.582
"379","FMNL1","hurdle",8.77770040266201e-08,-2.526219,-1.50396,1.022259,0.582
"324","ELL2","hurdle",5.32523295524013e-07,-1.6993547,-0.8605297,0.838825,0.582
"316","EBI3","hurdle",7.85234505078835e-28,-3.3059,-1.592536,1.713364,0.582
"277","CXorf21","hurdle",1.31437687425279e-14,-3.1031,-1.632914,1.470186,0.582
"191","CD72","hurdle",3.17799518538515e-16,-3.167961,-1.754135,1.413826,0.582
"67","ARHGAP30","hurdle",1.08635608473387e-08,-2.792236,-1.623001,1.169235,0.582
"1107","ZFHX3","hurdle",3.27002332501817e-09,-2.19432,-1.130505,1.063815,0.581
"948","SLC16A3","hurdle",6.91210776387077e-10,-2.335587,-1.293091,1.042496,0.581
"856","RIN3","hurdle",1.82398254356655e-10,-2.856662,-1.595352,1.26131,0.581
"806","PTAFR","hurdle",1.77045897400724e-11,-2.950553,-1.734739,1.215814,0.581
"654","MIR155HG","hurdle",8.2978698957384e-13,-2.786653,-1.232137,1.554516,0.581
"512","IL13RA1","hurdle",8.72897361865914e-12,-1.9207906,-0.9820617,0.9387289,0.581
"285","CYTH4","hurdle",7.31394172916386e-11,-3.003147,-1.683942,1.319205,0.581
"217","CKS2","hurdle",6.74000741954303e-07,-0.953409,-0.2805712,0.6728378,0.581
"203","CEP170","hurdle",4.23723047090158e-12,-2.433969,-1.307683,1.126286,0.581
"106","BCAT1","hurdle",7.5442004821491e-20,-3.204348,-1.711087,1.493261,0.581
"71","ARL4A","hurdle",1.16777508408233e-07,-1.2146202,-0.4779124,0.7367078,0.581
"1087","VEGFA","hurdle",3.7749796221687e-10,-2.319201,-1.271029,1.048172,0.58
"906","SCIMP","hurdle",2.36593090401345e-18,-3.264519,-1.791702,1.472817,0.58
"808","PTGS1","hurdle",1.68698531949615e-23,-3.261544,-1.777618,1.483926,0.58
"726","OLFML3","hurdle",3.71127703817754e-11,-2.357045,-1.172664,1.184381,0.58
"687","NAGA","hurdle",1.20157077714458e-09,-2.66817,-1.608337,1.059833,0.58
"669","MRC1","hurdle",1.10986529471992e-28,-3.259167,-1.501054,1.758113,0.58
"318","EFHD2","hurdle",5.5476050669692e-13,-2.239475,-1.171517,1.067958,0.58
"25","ADGRE2","hurdle",3.93639939140279e-19,-3.27384,-1.817031,1.456809,0.58
"6","ABI1","hurdle",2.29575495538435e-06,-1.770336,-1.020851,0.749485,0.58
"919","SERPINB9","hurdle",5.23943687890735e-10,-2.132658,-1.225979,0.906679,0.579
"736","P2RY13","hurdle",4.71686644781106e-29,-3.305039,-1.787889,1.51715,0.579
"626","MANBA","hurdle",6.89229766337001e-11,-2.650277,-1.459792,1.190485,0.579
"563","KLHL6","hurdle",9.16873009297275e-10,-2.939819,-1.90075,1.039069,0.579
"506","IKZF1","hurdle",3.47697985584336e-07,-2.377019,-1.573464,0.803555,0.579
"309","DPYSL2","hurdle",1.49629439688684e-07,-2.049392,-1.150607,0.898785,0.579
"224","CLEC4E","hurdle",6.62359720300561e-27,-3.320092,-1.6984,1.621692,0.579
"1005","STX7","hurdle",7.88554739157751e-06,-2.050712,-1.197286,0.853426,0.578
"931","SH3KBP1","hurdle",3.33817195979638e-06,-1.852638,-1.080898,0.77174,0.578
"900","SAMD9L","hurdle",2.41927475789934e-06,-2.260198,-1.461869,0.798329,0.578
"424","GNAQ","hurdle",2.50417281560108e-08,-1.8333316,-0.9474603,0.8858713,0.578
"422","GNA13","hurdle",3.57588935879988e-09,-2.257033,-1.185129,1.071904,0.578
"404","GAPT","hurdle",6.7828863022773e-23,-3.260236,-1.829112,1.431124,0.578
"372","FGR","hurdle",6.62472404894501e-15,-3.08195,-1.748652,1.333298,0.578
"1000","STAT1","hurdle",1.36408781833968e-08,-1.486708,-0.6997381,0.7869699,0.577
"795","PPP1R18","hurdle",1.03089780712434e-05,-1.906739,-1.123496,0.783243,0.577
"419","GM2A","hurdle",8.02171162683335e-14,-2.716625,-1.533072,1.183553,0.577
"65","ARHGAP24","hurdle",7.91016737231479e-14,-2.811048,-1.482686,1.328362,0.577
"655","MIR181A1HG","hurdle",5.79548563347927e-11,-2.986494,-1.705351,1.281143,0.576
"536","ITGAM","hurdle",2.00805677597551e-15,-3.140833,-1.727729,1.413104,0.576
"27","ADORA3","hurdle",1.79100631093053e-23,-3.306639,-1.831734,1.474905,0.576
"835","RASSF5","hurdle",2.98629592706087e-09,-2.641572,-1.673689,0.967883,0.575
"721","NUP214","hurdle",1.01959299497853e-08,-2.560158,-1.499637,1.060521,0.575
"85","ATG3","hurdle",5.82054554533948e-11,-1.6028409,-0.8327014,0.7701395,0.575
"72","ARL5A","hurdle",2.79479532738695e-09,-1.0793052,-0.4541492,0.625156,0.575
"804","PSMB10","hurdle",4.65893463817112e-07,-1.952447,-1.151953,0.800494,0.574
"792","POU2F2","hurdle",1.2868191002111e-11,-2.90354,-1.620413,1.283127,0.574
"604","LPXN","hurdle",7.62488769550752e-08,-2.394851,-1.498104,0.896747,0.574
"581","LILRA2","hurdle",3.67068995626766e-24,-3.319673,-1.953175,1.366498,0.574
"367","FCN1","hurdle",8.01486368469727e-33,-3.271266,-1.207011,2.064255,0.574
"1008","TAGAP","hurdle",1.28302701789997e-12,-1.790455,-1.123427,0.667028,0.573
"935","SIGLEC10","hurdle",1.98795393153254e-16,-3.294728,-2.056216,1.238512,0.573
"752","PDE4B","hurdle",6.59643245392279e-06,-1.4488882,-0.9385969,0.5102913,0.573
"702","NFKB1","hurdle",1.34529903004845e-08,-1.918159,-1.003105,0.915054,0.573
"664","MOB1A","hurdle",6.07623220020376e-07,-1.3741606,-0.6940746,0.680086,0.573
"519","IL1RN","hurdle",2.42887605319113e-24,-3.225054,-1.590132,1.634922,0.573
"425","GNB4","hurdle",2.35539839086146e-07,-2.155538,-1.315117,0.840421,0.573
"339","ETV5","hurdle",9.58906293121484e-14,-3.03448,-1.694449,1.340031,0.573
"111","BID","hurdle",3.3539066481113e-10,-2.268247,-1.27889,0.989357,0.573
"970","SMAP2","hurdle",7.25179383069407e-08,-1.910297,-1.246315,0.663982,0.572
"913","SDSL","hurdle",1.43908647897255e-10,-2.667799,-1.592881,1.074918,0.572
"832","RASSF2","hurdle",5.85639797054446e-09,-3.051123,-1.855896,1.195227,0.572
"799","PRKCB","hurdle",3.55748815197269e-06,-2.790378,-1.841118,0.94926,0.572
"428","GNS","hurdle",2.53436946593578e-07,-1.912033,-1.064059,0.847974,0.572
"290","DCK","hurdle",5.07846861486112e-10,-2.272005,-1.279471,0.992534,0.572
"237","COMMD9","hurdle",2.05233547133099e-07,-2.257324,-1.388491,0.868833,0.572
"166","CCR1","hurdle",7.92009817330211e-23,-3.255332,-1.963409,1.291923,0.572
"39","ALDH1A1","hurdle",1.13546867317196e-10,-2.726319,-1.55129,1.175029,0.572
"1025","TIMP2","hurdle",3.49266905579566e-05,-1.5865981,-0.9200986,0.6664995,0.571
"996","ST3GAL6","hurdle",7.85602242534748e-14,-3.132527,-1.802033,1.330494,0.571
"857","RIPK2","hurdle",1.97265569203034e-07,-2.224283,-1.340527,0.883756,0.571
"653","MILR1","hurdle",4.86226462891401e-19,-3.246559,-1.917777,1.328782,0.571
"380","FMNL2","hurdle",2.8415688951526e-12,-2.949157,-1.673454,1.275703,0.571
"178","CD300C","hurdle",2.04556575571981e-20,-3.309485,-2.096526,1.212959,0.571
"743","PAG1","hurdle",3.42975360073151e-10,-2.454282,-1.607347,0.846935,0.57
"621","M6PR","hurdle",1.62410661716142e-07,-1.3935141,-0.7740596,0.6194545,0.57
"445","GRINA","hurdle",2.69151602684553e-06,-0.8593333,-0.3365201,0.5228132,0.57
"322","EIF4A3","hurdle",9.71442145528472e-07,-0.7293163,-0.209814,0.5195023,0.57
"300","DOCK10","hurdle",2.88788682378754e-06,-2.525516,-1.654904,0.870612,0.57
"1112","ZYX","hurdle",4.98054518587383e-05,-1.002274,-0.475941,0.526333,0.569
"777","PLD3","hurdle",3.64413587966058e-19,-1.1947564,-0.3580209,0.8367355,0.569
"759","PEPD","hurdle",8.54087483006537e-06,-1.822022,-1.104325,0.717697,0.569
"535","ITGA4","hurdle",2.54240766722068e-10,-2.516923,-1.555725,0.961198,0.569
"403","GAL3ST4","hurdle",5.83521658083734e-14,-3.084968,-1.716823,1.368145,0.569
"275","CXCL9","hurdle",2.50223919376641e-12,-2.880693,-1.268504,1.612189,0.569
"13","ACER3","hurdle",2.99145552321405e-05,-2.523682,-1.66424,0.859442,0.569
"608","LRRK2","hurdle",2.77873082989779e-15,-3.161038,-1.831267,1.329771,0.568
"521","IL6R","hurdle",4.90112597099743e-07,-2.720765,-1.74643,0.974335,0.568
"495","IER5","hurdle",1.44375484134195e-07,-1.2464652,-0.5259847,0.7204805,0.568
"390","FRMD4B","hurdle",3.82093726170105e-06,-1.960081,-1.257044,0.703037,0.568
"386","FOXN3","hurdle",8.836593556433e-06,-2.034923,-1.275832,0.759091,0.568
"1047","TNFAIP8L2","hurdle",1.85897449221977e-11,-3.282477,-2.024297,1.25818,0.567
"809","PTGS2","hurdle",1.55120082580441e-17,-3.021294,-1.507254,1.51404,0.567
"741","PABPC4","hurdle",3.07157257066765e-05,-1.654664,-1.026303,0.628361,0.567
"329","EPB41L2","hurdle",3.81272323333904e-07,-2.350073,-1.445215,0.904858,0.567
"218","CLDN1","hurdle",1.07206513651173e-20,-3.116989,-1.539649,1.57734,0.567
"122","C10orf11","hurdle",9.65912569631665e-07,-2.552392,-1.707963,0.844429,0.567
"999","STAC3","hurdle",4.81492337654531e-13,-3.273973,-2.047261,1.226712,0.566
"868","RNF166","hurdle",0.00013039635732401,-2.670781,-1.833472,0.837309,0.566
"776","PLCB2","hurdle",1.12181151744729e-07,-3.139045,-2.019408,1.119637,0.566
"639","ME1","hurdle",5.91171004669039e-18,-3.196406,-1.876665,1.319741,0.566
"524","INPP5D","hurdle",1.22799693691734e-06,-2.579341,-1.780282,0.799059,0.566
"487","HSD17B11","hurdle",0.00019265011801321,-1.5323202,-0.9077074,0.6246128,0.566
"200","CEBPB","hurdle",3.7331482515667e-06,-1.0783729,-0.4588723,0.6195006,0.566
"662","MMP9","hurdle",5.13764844045246e-16,-3.128003,-1.610352,1.517651,0.565
"337","ETF1","hurdle",1.32836712742396e-05,-1.630563,-1.018286,0.612277,0.565
"330","EPB41L3","hurdle",7.58792165806607e-07,-2.478829,-1.551097,0.927732,0.565
"296","DMXL2","hurdle",5.83525626385817e-13,-3.040139,-1.880297,1.159842,0.565
"247","CREBL2","hurdle",3.10136045274143e-06,-2.439732,-1.57632,0.863412,0.565
"225","CLEC5A","hurdle",3.67068995627286e-24,-3.318749,-1.844123,1.474626,0.565
"46","ANKRD22","hurdle",2.95148103819763e-21,-3.276403,-1.959999,1.316404,0.565
"1019","TFRC","hurdle",2.0185849519454e-06,-2.182552,-1.262131,0.920421,0.564
"968","SLC9A9","hurdle",0.000104768123761215,-2.942758,-1.94327,0.999488,0.564
"657","MIS18BP1","hurdle",0.00090334871237372,-1.860889,-1.150915,0.709974,0.564
"267","CX3CR1","hurdle",6.12671839686705e-24,-3.269448,-1.762027,1.507421,0.564
"253","CSK","hurdle",1.78203277027275e-05,-2.395556,-1.533512,0.862044,0.564
"239","CORO1C","hurdle",4.9957056476811e-07,-2.399377,-1.542453,0.856924,0.564
"8","ABL2","hurdle",1.53995821468819e-06,-1.947335,-1.095565,0.85177,0.564
"782","PLEKHB2","hurdle",9.19409828915364e-05,-1.5887472,-0.9555184,0.6332288,0.563
"733","OTUD1","hurdle",1.15556866014706e-10,-2.876974,-1.718,1.158974,0.563
"527","IQGAP2","hurdle",3.12254495269024e-06,-1.960546,-1.253776,0.70677,0.563
"389","FRMD4A","hurdle",4.10924018868333e-08,-2.347068,-1.412549,0.934519,0.563
"374","FKBP5","hurdle",9.57957663885159e-07,-1.581573,-1.03651,0.545063,0.563
"186","CD40","hurdle",5.41024137183813e-06,-2.146979,-1.291913,0.855066,0.563
"28","ADPGK","hurdle",4.88537185834389e-06,-2.22762,-1.4459,0.78172,0.563
"7","ABI3","hurdle",7.11316628779458e-06,-2.628567,-1.647116,0.981451,0.563
"602","LPAR6","hurdle",0.00107670867589044,-1.82883,-1.175213,0.653617,0.562
"407","GATM","hurdle",1.18647351572874e-05,-2.648154,-1.744973,0.903181,0.562
"360","FCGR1B","hurdle",1.99854843621273e-21,-3.316842,-2.043059,1.273783,0.562
"305","DOK2","hurdle",5.31875265620995e-06,-2.450204,-1.667422,0.782782,0.562
"280","CYB5R4","hurdle",0.000378881029370831,-2.492096,-1.735063,0.757033,0.562
"220","CLEC12A","hurdle",5.15912697044786e-19,-3.296297,-1.925017,1.37128,0.562
"194","CD81","hurdle",2.35199969039307e-06,-0.8543207,-0.2819636,0.5723571,0.562
"132","C2","hurdle",3.52721043334147e-12,-2.892254,-1.64991,1.242344,0.562
"14","ACP5","hurdle",3.01527054385924e-11,-2.128661,-1.103704,1.024957,0.562
"973","SNHG12","hurdle",1.38803101958205e-05,-1.2129296,-0.5640588,0.6488708,0.561
"700","NEK6","hurdle",2.5954610109471e-09,-2.594599,-1.562795,1.031804,0.561
"679","MXD1","hurdle",5.90546095831458e-05,-2.210292,-1.371826,0.838466,0.561
"665","MOB1B","hurdle",1.47094560787571e-07,-2.82508,-1.774252,1.050828,0.561
"658","MITF","hurdle",5.29373429484041e-05,-2.73343,-1.811259,0.922171,0.561
"640","ME2","hurdle",4.21915846252754e-06,-2.637341,-1.717596,0.919745,0.561
"629","MAP3K8","hurdle",5.56089252483434e-06,-1.3248143,-0.6478811,0.6769332,0.561
"603","LPCAT2","hurdle",4.88964464049969e-09,-2.640187,-1.576791,1.063396,0.561
"319","EGR2","hurdle",2.18744049843844e-08,-2.244821,-1.21341,1.031411,0.561
"288","DAPP1","hurdle",2.87954774812423e-06,-2.737576,-1.725257,1.012319,0.561
"1033","TLR7","hurdle",2.52122853077671e-13,-3.309035,-2.229118,1.079917,0.56
"923","SFMBT2","hurdle",1.74992398448916e-08,-2.797208,-1.850079,0.947129,0.56
"852","RHBDF2","hurdle",1.50042233484153e-06,-2.811687,-1.870264,0.941423,0.56
"849","RGS18","hurdle",3.99568033256572e-08,-3.29939,-2.193404,1.105986,0.56
"735","P2RX7","hurdle",3.87703965687101e-08,-3.15763,-2.121585,1.036045,0.56
"199","CEBPA","hurdle",3.24594823593518e-13,-3.122258,-1.723169,1.399089,0.56
"101","AVPI1","hurdle",4.76894890858902e-09,-2.702654,-1.644696,1.057958,0.56
"933","SHTN1","hurdle",4.94468795049399e-07,-2.416761,-1.484142,0.932619,0.559
"825","RAB8B","hurdle",4.69799402242763e-05,-2.313022,-1.553508,0.759514,0.559
"765","PIK3AP1","hurdle",3.79043658609575e-14,-3.170933,-2.022859,1.148074,0.559
"622","MAF","hurdle",3.29304674966753e-05,-2.154362,-1.432956,0.721406,0.559
"605","LRP1","hurdle",7.21357182787383e-07,-2.129888,-1.377083,0.752805,0.559
"601","LPAR5","hurdle",1.08318084024412e-14,-3.282584,-2.097144,1.18544,0.559
"392","FUCA1","hurdle",9.17258364306912e-11,-2.263199,-1.28568,0.977519,0.559
"344","FABP3","hurdle",2.08735260022639e-12,-3.123573,-1.90595,1.217623,0.559
"326","EMILIN2","hurdle",7.91669676128184e-07,-3.08928,-2.11215,0.97713,0.559
"113","BLOC1S1","hurdle",4.18132022953366e-05,-1.2414397,-0.6977198,0.5437199,0.559
"41","ALDH3B1","hurdle",1.40436420819672e-07,-3.174138,-2.186379,0.987759,0.559
"1108","ZNF267","hurdle",0.000357721598835882,-2.227059,-1.550678,0.676381,0.558
"1063","TRIM22","hurdle",1.95936973851043e-06,-1.736342,-1.225017,0.511325,0.558
"977","SNX20","hurdle",4.33145880349895e-10,-3.140195,-2.224219,0.915976,0.558
"960","SLC43A3","hurdle",5.36392579174754e-06,-2.399792,-1.519101,0.880691,0.558
"883","RP5-1171I10.5","hurdle",2.3415040452649e-06,-2.830041,-1.853169,0.976872,0.558
"682","MYO9B","hurdle",1.7312531781881e-05,-2.492231,-1.629827,0.862404,0.558
"643","MERTK","hurdle",1.66142747866759e-14,-3.140111,-1.86772,1.272391,0.558
"502","IGF1","hurdle",2.79827559954536e-09,-2.376928,-1.584181,0.792747,0.558
"1090","VMA21","hurdle",1.25769650309813e-06,-2.099602,-1.324706,0.774896,0.557
"934","SIGLEC1","hurdle",3.64888522315648e-19,-3.317541,-2.028855,1.288686,0.557
"911","SDHD","hurdle",7.35840408664638e-06,-1.6597425,-0.9612362,0.6985063,0.557
"628","MAP3K2","hurdle",4.77273100598234e-09,-1.834441,-1.036,0.798441,0.557
"596","LINC01272","hurdle",1.16580721217689e-16,-3.308031,-1.964782,1.343249,0.557
"356","FCER1A","hurdle",1.56286905322354e-25,-3.319262,-1.807269,1.511993,0.557
"328","ENTPD1","hurdle",0.000943477460224389,-2.129349,-1.584688,0.544661,0.557
"307","DPEP2","hurdle",1.46901416890841e-11,-3.196908,-2.166108,1.0308,0.557
"232","CMTM3","hurdle",0.00135687316254404,-2.223128,-1.497364,0.725764,0.557
"126","C19orf38","hurdle",3.78061435872229e-11,-3.267795,-2.121287,1.146508,0.557
"62","AREG","hurdle",2.3304365614461e-05,-1.052062,-0.302947,0.749115,0.557
"984","SPG21","hurdle",1.07734285340665e-05,-1.3161845,-0.7543925,0.561792,0.556
"972","SNCA","hurdle",5.03122921819757e-11,-3.0638,-1.894033,1.169767,0.556
"932","SH3TC1","hurdle",4.23251711149981e-07,-2.839759,-1.771463,1.068296,0.556
"902","SASH3","hurdle",1.4266565263386e-05,-2.972063,-2.040258,0.931805,0.556
"897","S100A8","hurdle",2.52394979027064e-10,-2.966801,-1.457465,1.509336,0.556
"488","HSPA6","hurdle",6.00982139111322e-05,-1.5148284,-0.9282235,0.5866049,0.556
"398","GAA","hurdle",4.28116159958291e-07,-1.863061,-1.115578,0.747483,0.556
"336","ERP44","hurdle",2.2459193545644e-06,-1.6103855,-0.9536581,0.6567274,0.556
"77","ARPC4","hurdle",0.000699377125866936,-1.580123,-1.013925,0.566198,0.556
"1023","THBD","hurdle",3.84364502134194e-06,-1.965183,-1.088123,0.87706,0.555
"990","SRGAP2","hurdle",2.04994499747932e-06,-2.734043,-1.831266,0.902777,0.555
"956","SLC37A2","hurdle",3.18247133476846e-12,-3.264959,-2.217871,1.047088,0.555
"855","RILPL2","hurdle",0.00106673985954059,-1.4291185,-0.8766543,0.5524642,0.555
"747","PARP14","hurdle",3.67366901797318e-06,-1.687492,-1.000696,0.686796,0.555
"308","DPYD","hurdle",0.000387228157346356,-2.458173,-1.635454,0.822719,0.555
"273","CXCL3","hurdle",4.05857652657586e-12,-2.674684,-1.241482,1.433202,0.555
"244","CPPED1","hurdle",0.000884456349140808,-2.720552,-1.906814,0.813738,0.555
"228","CLIC2","hurdle",0.000365554916046461,-2.465549,-1.685368,0.780181,0.555
"138","C6orf62","hurdle",0.000135688966284713,-1.331149,-0.7884346,0.5427144,0.555
"1040","TMEM37","hurdle",2.63837505856759e-08,-3.172249,-2.105366,1.066883,0.554
"922","SETDB2","hurdle",1.48196760896187e-06,-2.759472,-1.827834,0.931638,0.554
"887","RPS6KA1","hurdle",4.10525362108785e-07,-2.94651,-2.083776,0.862734,0.554
"842","RELT","hurdle",1.28371146665219e-06,-2.873096,-2.019378,0.853718,0.554
"837","RBKS","hurdle",7.05152777683685e-05,-1.917562,-1.111218,0.806344,0.554
"729","OSCAR","hurdle",8.49480436109393e-10,-3.299877,-2.290411,1.009466,0.554
"440","GPRIN3","hurdle",1.36904002086583e-05,-2.559822,-1.889268,0.670554,0.554
"73","ARL8B","hurdle",0.000123703566416099,-1.607037,-1.025476,0.581561,0.554
"981","SOAT1","hurdle",2.47702254066102e-06,-2.562745,-1.831106,0.731639,0.553
"947","SLC16A10","hurdle",7.73184799477303e-17,-3.272793,-2.005734,1.267059,0.553
"644","METRNL","hurdle",6.6786091755327e-07,-2.283697,-1.50208,0.781617,0.553
"619","LYSMD2","hurdle",0.00029968433079999,-2.117151,-1.507718,0.609433,0.553
"497","IFI27L2","hurdle",0.00138129328326494,-1.599335,-1.098079,0.501256,0.553
"485","HPS5","hurdle",0.000786307034361012,-2.634579,-1.761391,0.873188,0.553
"459","HDAC9","hurdle",8.09599631799642e-07,-3.075824,-2.117181,0.958643,0.553
"416","GLIPR2","hurdle",0.00216209205664654,-2.184989,-1.641804,0.543185,0.553
"283","CYFIP1","hurdle",5.51326945304312e-08,-2.028018,-1.223974,0.804044,0.553
"61","ARAP1","hurdle",0.000202319613888321,-2.706057,-1.838067,0.86799,0.553
"32","AF213884.2","hurdle",1.14099304826511e-13,-3.215509,-2.001383,1.214126,0.553
"26","ADM","hurdle",1.45698741014133e-06,-2.105188,-1.244393,0.860795,0.553
"24","ADCY7","hurdle",8.82928146478709e-06,-3.016422,-2.118027,0.898395,0.553
"22","ADAMDEC1","hurdle",4.62413821574496e-18,-3.291094,-1.962418,1.328676,0.553
"1070","TTYH3","hurdle",2.52997854810204e-09,-2.757372,-1.665785,1.091587,0.552
"989","SPRED1","hurdle",1.28777597583721e-06,-2.722245,-1.758328,0.963917,0.552
"915","SEMA4A","hurdle",0.000565150651804402,-2.128804,-1.438082,0.690722,0.552
"873","RP11-212I21.2","hurdle",1.29759974605289e-14,-3.321928,-2.275469,1.046459,0.552
"831","RASGRP3","hurdle",5.04367729942374e-05,-2.715859,-1.85489,0.860969,0.552
"784","PLEKHO2","hurdle",0.000382367610604718,-2.710565,-1.864156,0.846409,0.552
"781","PLEKHA2","hurdle",4.50273359878758e-06,-2.567676,-1.714217,0.853459,0.552
"635","MBP","hurdle",0.00153925717771736,-2.222371,-1.549976,0.672395,0.552
"532","IRF5","hurdle",2.55516307100703e-08,-3.175271,-2.161118,1.014153,0.552
"310","DRAM1","hurdle",2.06874136274748e-09,-2.721275,-1.755899,0.965376,0.552
"213","CHST11","hurdle",0.000129775283802972,-2.579018,-1.956487,0.622531,0.552
"175","CD1E","hurdle",3.67068995626688e-24,-3.320696,-1.653258,1.667438,0.552
"1068","TSPAN33","hurdle",2.69449707619634e-10,-3.240813,-2.193239,1.047574,0.551
"1016","TET2","hurdle",9.26491679832415e-06,-2.592268,-1.794606,0.797662,0.551
"870","RP11-11N9.4","hurdle",2.4030990184731e-14,-3.283853,-2.247281,1.036572,0.551
"763","PICALM","hurdle",0.00462220905722569,-1.82955,-1.326697,0.502853,0.551
"443","GRASP","hurdle",5.61543142067362e-05,-2.559474,-1.702953,0.856521,0.551
"173","CD1C","hurdle",2.37519580015154e-16,-3.297567,-1.794856,1.502711,0.551
"112","BLNK","hurdle",1.45504329015491e-08,-2.862922,-1.897258,0.965664,0.551
"1041","TMEM51","hurdle",1.14460502918292e-05,-2.906182,-1.998395,0.907787,0.55
"819","QPCT","hurdle",1.20703618788819e-06,-2.930128,-2.031925,0.898203,0.55
"769","PLA2G15","hurdle",2.04570283083097e-06,-2.996666,-2.078039,0.918627,0.55
"595","LINC01094","hurdle",3.62381797598314e-13,-3.274919,-2.183654,1.091265,0.55
"432","GPR137B","hurdle",5.08530853551614e-08,-2.634896,-1.738563,0.896333,0.55
"207","CH17-340M24.3","hurdle",4.99678971298711e-06,-2.275676,-1.476434,0.799242,0.55
"171","CD180","hurdle",8.68042985109423e-12,-3.253121,-2.340936,0.912185,0.55
"143","CAMK1D","hurdle",0.000768065220220552,-2.653486,-1.896565,0.756921,0.55
"121","BTN2A2","hurdle",2.88475386370803e-06,-2.824693,-1.900521,0.924172,0.55
"47","ANKRD44","hurdle",2.4350116670796e-05,-2.314985,-1.813236,0.501749,0.55
"1075","UBAC2","hurdle",0.00168149228612279,-1.718639,-1.200429,0.51821,0.549
"936","SIGLEC7","hurdle",1.33644089701506e-08,-3.305622,-2.411533,0.894089,0.549
"909","SDC3","hurdle",5.32345389571153e-06,-2.821511,-1.955067,0.866444,0.549
"840","REEP4","hurdle",1.51734836528766e-05,-2.799112,-1.893347,0.905765,0.549
"723","OAS1","hurdle",0.000184691628180036,-2.084487,-1.354378,0.730109,0.549
"651","MICAL1","hurdle",0.00359227431249218,-2.71184,-2.001335,0.710505,0.549
"549","KCNAB2","hurdle",0.00141269168757564,-2.819654,-2.146088,0.673566,0.549
"490","HVCN1","hurdle",0.00163268026509875,-2.938857,-2.198992,0.739865,0.549
"378","FMN1","hurdle",2.54043902970012e-06,-3.052076,-2.266578,0.785498,0.549
"375","FLI1","hurdle",0.00277038593439709,-2.338606,-1.72323,0.615376,0.549
"180","CD300LF","hurdle",1.41297174065113e-07,-3.315359,-2.485521,0.829838,0.549
"90","ATP2B1","hurdle",0.000161120841357321,-1.3168088,-0.7922526,0.5245562,0.549
"1080","UNC93B1","hurdle",4.34701064115437e-06,-2.54595,-1.740485,0.805465,0.548
"798","PREX1","hurdle",0.00664998910413439,-2.258703,-1.587602,0.671101,0.548
"579","LHFPL2","hurdle",9.41470288639848e-08,-2.752583,-1.854902,0.897681,0.548
"483","HPGDS","hurdle",6.70017910513927e-17,-3.292264,-2.305671,0.986593,0.548
"406","GAS7","hurdle",3.21610673258892e-05,-2.971642,-2.087174,0.884468,0.548
"351","FAM46A","hurdle",0.000951485211045379,-2.042796,-1.372042,0.670754,0.548
"279","CYB5D1","hurdle",1.31260086880569e-10,-2.667513,-1.657209,1.010304,0.548
"5","ABHD12","hurdle",4.4447410176636e-06,-1.847294,-1.227367,0.619927,0.548
"1012","TBC1D7","hurdle",1.55323897249080e-11,-2.494646,-1.488013,1.006633,0.547
"861","RNASEH2B","hurdle",0.000354495651454861,-2.066224,-1.447804,0.61842,0.547
"814","PTPRJ","hurdle",3.73958410666172e-08,-2.906522,-1.977205,0.929317,0.547
"794","PPM1M","hurdle",0.000154447033002056,-2.604155,-1.91832,0.685835,0.547
"704","NFKBIE","hurdle",6.4942295627174e-06,-2.793802,-1.999897,0.793905,0.547
"509","IL10RB","hurdle",8.19793831622098e-05,-2.425768,-1.734469,0.691299,0.547
"266","CTTNBP2NL","hurdle",0.000249530014371618,-2.476918,-1.731376,0.745542,0.547
"252","CSGALNACT2","hurdle",5.93478720398454e-07,-2.515383,-1.643235,0.872148,0.547
"149","CARD9","hurdle",2.73961470394156e-07,-3.240325,-2.325693,0.914632,0.547
"1086","VAV1","hurdle",0.00049544968760308,-3.101369,-2.408621,0.692748,0.546
"1027","TLR1","hurdle",2.8080737715723e-09,-3.216722,-2.326597,0.890125,0.546
"991","SRGAP2B","hurdle",1.73304725863983e-05,-2.860709,-2.100647,0.760062,0.546
"751","PDCD1LG2","hurdle",0.000328230150230255,-3.176459,-2.417044,0.759415,0.546
"681","MYO5A","hurdle",1.22474075026246e-05,-2.754327,-1.847353,0.906974,0.546
"434","GPR155","hurdle",3.4328512440465e-05,-2.781335,-1.999523,0.781812,0.546
"412","GIT2","hurdle",0.000523445326028214,-2.504993,-1.783779,0.721214,0.546
"299","DNASE2","hurdle",5.28483125286962e-06,-2.037507,-1.39129,0.646217,0.546
"284","CYP2S1","hurdle",1.95921681808886e-07,-3.236383,-2.329195,0.907188,0.546
"174","CD1D","hurdle",2.73260745207051e-08,-3.245127,-2.238418,1.006709,0.546
"88","ATP13A3","hurdle",8.68040162509636e-07,-2.247695,-1.438706,0.808989,0.546
"19","ADAM17","hurdle",0.000726971134561912,-2.161331,-1.476033,0.685298,0.546
"924","SFT2D2","hurdle",0.000583212943299923,-2.19364,-1.580418,0.613222,0.545
"758","PELI1","hurdle",0.000271958141186843,-1.828021,-1.158809,0.669212,0.545
"631","MAPKAPK3","hurdle",0.000571000086838902,-2.495897,-1.823768,0.672129,0.545
"612","LTA4H","hurdle",7.26100210760319e-05,-1.797465,-1.192415,0.60505,0.545
"493","IDO1","hurdle",3.89349933193545e-15,-3.192706,-1.726165,1.466541,0.545
"370","FGD4","hurdle",0.00040844168349763,-2.552948,-1.837931,0.715017,0.545
"81","ARRDC2","hurdle",0.00659459679082508,-2.214774,-1.575186,0.639588,0.545
"64","ARHGAP22","hurdle",4.10126005166069e-08,-3.214588,-2.324717,0.889871,0.545
"56","APH1B","hurdle",0.00334312500877178,-2.459041,-1.817282,0.641759,0.545
"1022","THAP2","hurdle",6.82769038617926e-05,-2.733029,-1.974875,0.758154,0.544
"957","SLC38A6","hurdle",5.28876487359448e-08,-2.784666,-1.85937,0.925296,0.544
"930","SH3BP2","hurdle",4.6808180025109e-05,-2.555565,-1.744929,0.810636,0.544
"888","RPS6KA4","hurdle",0.0135717250836068,-2.78115,-2.193767,0.587383,0.544
"854","RHOQ","hurdle",8.46447576664958e-06,-2.457018,-1.716961,0.740057,0.544
"824","RAB7B","hurdle",5.52400934583365e-07,-3.214791,-2.320311,0.89448,0.544
"746","PAPSS2","hurdle",6.2181831851375e-06,-2.93521,-2.069976,0.865234,0.544
"678","MX2","hurdle",0.000883924159221947,-2.26657,-1.66656,0.60001,0.544
"675","MSRA","hurdle",0.0725076901752422,-2.288429,-1.776265,0.512164,0.544
"609","LSM6","hurdle",0.000114970825103755,-1.576777,-1.045586,0.531191,0.544
"470","HLA-DOB","hurdle",3.78117710885751e-07,-3.163779,-2.1238,1.039979,0.544
"393","FUCA2","hurdle",0.000618551192667386,-1.988026,-1.436019,0.552007,0.544
"373","FKBP15","hurdle",0.00158007166013249,-2.764409,-2.060392,0.704017,0.544
"212","CHN2","hurdle",3.32404952088253e-06,-3.018299,-2.174731,0.843568,0.544
"1110","ZNF385A","hurdle",4.06247292972339e-05,-2.255534,-1.567466,0.688068,0.543
"1085","VASH1","hurdle",0.00196641044341179,-2.95578,-2.202264,0.753516,0.543
"978","SNX29","hurdle",0.00059966331980669,-2.428041,-1.732554,0.695487,0.543
"963","SLC6A6","hurdle",3.57112626350883e-05,-2.669506,-1.969012,0.700494,0.543
"717","NRROS","hurdle",0.00054780308976385,-3.064701,-2.380494,0.684207,0.543
"560","KIAA1033","hurdle",0.00198357303031012,-2.044048,-1.496199,0.547849,0.543
"499","IFIT2","hurdle",0.00812977542465896,-2.489268,-1.759487,0.729781,0.543
"439","GPR84","hurdle",1.21770924660981e-08,-3.310584,-2.455217,0.855367,0.543
"335","ERO1B","hurdle",0.0144289983077723,-2.260301,-1.645594,0.614707,0.543
"227","CLECL1","hurdle",0.00173992169375224,-3.153989,-2.314109,0.83988,0.543
"184","CD38","hurdle",0.0059056768787381,-2.997193,-2.415457,0.581736,0.543
"4","ABCG1","hurdle",5.98175478857644e-05,-2.364549,-1.786201,0.578348,0.543
"987","SPN","hurdle",8.17663907385606e-06,-2.776474,-2.200629,0.575845,0.542
"892","RTN1","hurdle",0.000104022792170328,-3.003824,-2.212478,0.791346,0.542
"862","RNASEK","hurdle",7.08371106350702e-05,-2.099618,-1.508025,0.591593,0.542
"732","OTOA","hurdle",2.1459610844581e-09,-3.251794,-2.223231,1.028563,0.542
"728","OSBPL3","hurdle",1.09755024019562e-07,-2.882163,-2.071933,0.81023,0.542
"638","MCOLN2","hurdle",1.3128766846502e-07,-3.01442,-2.332343,0.682077,0.542
"637","MCOLN1","hurdle",5.22738121224639e-08,-2.482948,-1.654054,0.828894,0.542
"597","LINC01480","hurdle",7.95348266853388e-06,-3.059661,-2.154694,0.904967,0.542
"293","DFNA5","hurdle",2.1728596415573e-09,-3.142654,-2.138246,1.004408,0.542
"246","CREB5","hurdle",5.26515207417805e-05,-2.918696,-2.096677,0.822019,0.542
"208","CH17-373J23.1","hurdle",8.07602930979933e-07,-3.124016,-2.084385,1.039631,0.542
"206","CFP","hurdle",1.06563644477835e-09,-3.270214,-2.244148,1.026066,0.542
"1064","TRIM38","hurdle",0.01449133279849,-1.997245,-1.473324,0.523921,0.541
"1015","TCN2","hurdle",0.101357208182672,-2.225465,-1.678549,0.546916,0.541
"766","PIK3CG","hurdle",0.00868507703842543,-3.126201,-2.43326,0.692941,0.541
"745","PALD1","hurdle",0.000135264016836874,-3.069568,-2.242846,0.826722,0.541
"699","NECAP2","hurdle",0.0167793773421116,-1.944022,-1.42779,0.516232,0.541
"600","LOXL3","hurdle",6.13160941712858e-08,-3.263698,-2.420448,0.84325,0.541
"550","KCNE1","hurdle",3.70369376528741e-08,-3.270183,-2.417422,0.852761,0.541
"543","JARID2","hurdle",0.000120514309959035,-2.293311,-1.734498,0.558813,0.541
"517","IL1R2","hurdle",3.10385119899651e-09,-3.216193,-2.167941,1.048252,0.541
"429","GPAT3","hurdle",1.02835662017034e-08,-3.106887,-2.041317,1.06557,0.541
"385","FOXN2","hurdle",0.0150397750463828,-2.419019,-1.853735,0.565284,0.541
"349","FAM21C","hurdle",0.00144954125037278,-2.699211,-2.005986,0.693225,0.541
"323","EIF4EBP1","hurdle",0.000643328341599705,-1.588568,-1.086386,0.502182,0.541
"104","BACH1","hurdle",0.0056241347944474,-2.350557,-1.750764,0.599793,0.541
"1082","USF2","hurdle",0.000169578649195874,-1.914532,-1.297842,0.61669,0.54
"1056","TNS3","hurdle",0.000208621968303608,-2.532639,-1.844829,0.68781,0.54
"1004","STX4","hurdle",2.62921674439437e-05,-1.917607,-1.323801,0.593806,0.54
"1002","STK38L","hurdle",0.00777824478531243,-2.291026,-1.756957,0.534069,0.54
"938","SIGLEC9","hurdle",2.91908707922051e-10,-3.300039,-2.434646,0.865393,0.54
"829","RAPH1","hurdle",1.11653657911901e-06,-2.464264,-1.656075,0.808189,0.54
"718","NSMAF","hurdle",0.000139727026137002,-2.834803,-2.044022,0.790781,0.54
"652","MIF4GD","hurdle",0.000939095756322386,-2.00906,-1.47216,0.5369,0.54
"514","IL17RA","hurdle",0.00811468442981123,-2.639183,-1.971512,0.667671,0.54
"427","GNPDA1","hurdle",1.91773910602551e-05,-2.214976,-1.533976,0.681,0.54
"410","GCA","hurdle",6.4682611073937e-07,-2.153678,-1.457811,0.695867,0.54
"409","GBP1","hurdle",0.0117376933571091,-1.90353,-1.33316,0.57037,0.54
"382","FN1","hurdle",0.00426081296627917,-1.0977726,-0.5609866,0.536786,0.54
"154","CCDC88B","hurdle",0.000213824886675281,-2.85569,-2.099888,0.755802,0.54
"30","ADRBK1","hurdle",0.00234349303446887,-2.319901,-1.751864,0.568037,0.54
"1067","TRPV2","hurdle",0.138968695659433,-2.726811,-2.12707,0.599741,0.539
"1030","TLR4","hurdle",0.000513680344256019,-3.084244,-2.310575,0.773669,0.539
"986","SPIB","hurdle",6.94604386889624e-08,-3.252916,-2.40119,0.851726,0.539
"885","RP6-91H8.3","hurdle",8.59485265994476e-09,-3.086878,-2.20412,0.882758,0.539
"767","PIK3R5","hurdle",0.00115718460359747,-3.165169,-2.356546,0.808623,0.539
"724","OAS2","hurdle",5.6247415622709e-07,-2.683178,-1.977627,0.705551,0.539
"685","NADK","hurdle",0.000524843283589357,-2.580957,-1.927548,0.653409,0.539
"636","MCM5","hurdle",0.003974885106763,-2.732588,-2.125386,0.607202,0.539
"567","LACTB","hurdle",0.00288537400105168,-2.625053,-2.015211,0.609842,0.539
"558","KIAA0226L","hurdle",1.4806915628453e-09,-3.246976,-2.347916,0.89906,0.539
"534","IRS2","hurdle",6.03341368301318e-05,-1.875171,-1.323773,0.551398,0.539
"486","HS3ST1","hurdle",3.43972175878487e-06,-2.909624,-1.965618,0.944006,0.539
"366","FCHSD2","hurdle",0.00210150215626023,-2.53889,-1.984897,0.553993,0.539
"317","EDEM1","hurdle",0.000761614946721953,-2.517934,-1.91663,0.601304,0.539
"242","CPED1","hurdle",0.00536646913516441,-2.846344,-2.162067,0.684277,0.539
"100","ATP8B4","hurdle",1.28443705168823e-07,-3.184249,-2.286813,0.897436,0.539
"10","AC058791.1","hurdle",0.00249671659054245,-2.48306,-1.787009,0.696051,0.539
"1076","UBASH3B","hurdle",0.00142084913810506,-3.072931,-2.402213,0.670718,0.538
"1071","TVP23A","hurdle",6.7840470118755e-12,-3.315901,-2.421664,0.894237,0.538
"886","RPPH1","hurdle",7.38402112002139e-05,-2.923434,-2.234967,0.688467,0.538
"882","RP11-796E2.4","hurdle",6.86277666012256e-05,-2.512107,-1.877539,0.634568,0.538
"815","PTPRO","hurdle",5.68722769412556e-05,-3.302513,-2.574895,0.727618,0.538
"810","PTK2B","hurdle",0.0136441601417399,-2.687336,-2.065561,0.621775,0.538
"748","PARVB","hurdle",0.00504430490521054,-2.18027,-1.640045,0.540225,0.538
"740","P4HA1","hurdle",0.00100615104197316,-2.06003,-1.488914,0.571116,0.538
"589","LILRB5","hurdle",5.66397084919118e-16,-3.321928,-2.312032,1.009896,0.538
"513","IL16","hurdle",0.00209816448762101,-2.778616,-2.216077,0.562539,0.538
"496","IFFO1","hurdle",0.000119372705921165,-2.807803,-2.095198,0.712605,0.538
"451","HAMP","hurdle",1.69358979559799e-11,-3.125422,-2.383163,0.742259,0.538
"405","GAS2L3","hurdle",2.59662596723884e-09,-3.271069,-2.484073,0.786996,0.538
"334","ERN1","hurdle",0.00164973906856663,-2.093113,-1.517925,0.575188,0.538
"289","DBNL","hurdle",0.000217970224758027,-1.644571,-1.102759,0.541812,0.538
"258","CTA-384D8.34","hurdle",5.6179805718446e-07,-3.237205,-2.397413,0.839792,0.538
"1099","WDFY4","hurdle",7.11267433792632e-09,-3.293923,-2.431504,0.862419,0.537
"1001","STAT5A","hurdle",0.0106352844480031,-2.423941,-1.917479,0.506462,0.537
"949","SLC18B1","hurdle",0.00124184762450709,-2.976345,-2.268797,0.707548,0.537
"722","NUP62","hurdle",6.29687239110509e-05,-2.317565,-1.728182,0.589383,0.537
"706","NINJ2","hurdle",0.0072210253853313,-2.875629,-2.289371,0.586258,0.537
"659","MKNK1","hurdle",2.92878554014613e-05,-2.615893,-1.881099,0.734794,0.537
"624","MAN2A1","hurdle",0.00211850674292499,-2.349418,-1.714672,0.634746,0.537
"528","IRAK1","hurdle",0.00430341675382013,-2.618555,-1.992897,0.625658,0.537
"449","GZF1","hurdle",5.66457996868489e-07,-2.884985,-2.119431,0.765554,0.537
"236","COMMD8","hurdle",0.00511456809774393,-2.247604,-1.672295,0.575309,0.537
"151","CASS4","hurdle",0.000236656299389386,-3.030835,-2.383055,0.64778,0.537
"45","AMPD3","hurdle",4.44993386753275e-05,-3.141327,-2.305117,0.83621,0.537
"31","ADRBK2","hurdle",3.98326381743521e-05,-3.128612,-2.38111,0.747502,0.537
"993","ST14","hurdle",0.000629244630265542,-2.578284,-1.924688,0.653596,0.536
"890","RRAGD","hurdle",1.69194710135272e-07,-3.150551,-2.368468,0.782083,0.536
"828","RAPGEF1","hurdle",4.51904201979266e-07,-2.558683,-2.011091,0.547592,0.536
"709","NOTCH2","hurdle",0.00583425644817052,-2.193328,-1.638087,0.555241,0.536
"683","NAAA","hurdle",0.000158551256080091,-2.201282,-1.623564,0.577718,0.536
"647","MFSD14B","hurdle",0.000484143363089869,-2.57713,-1.945271,0.631859,0.536
"614","LUCAT1","hurdle",3.81743166022723e-07,-3.19909,-2.277589,0.921501,0.536
"583","LILRA5","hurdle",5.66397084919289e-16,-3.321928,-2.289158,1.03277,0.536
"552","KCNMA1","hurdle",2.06771662782249e-06,-2.443603,-1.707007,0.736596,0.536
"548","KBTBD8","hurdle",4.58733352186531e-05,-3.050955,-2.164248,0.886707,0.536
"530","IRAK3","hurdle",0.0129815452733795,-2.706483,-2.088863,0.61762,0.536
"340","ETV6","hurdle",0.000587364057846385,-2.305826,-1.664611,0.641215,0.536
"231","CMKLR1","hurdle",0.00464072321754666,-3.1305,-2.546181,0.584319,0.536
"152","CBL","hurdle",0.0116015149970183,-2.639943,-2.069635,0.570308,0.536
"97","ATP6V1A","hurdle",0.00905678236878698,-2.107085,-1.543269,0.563816,0.536
"70","ARL11","hurdle",6.12922521469157e-08,-3.258089,-2.510624,0.747465,0.536
"29","ADPRH","hurdle",6.18829709199565e-06,-3.048873,-2.385001,0.663872,0.536
"1111","ZSWIM6","hurdle",5.46995290951611e-05,-2.690579,-1.914291,0.776288,0.535
"1066","TRPM2","hurdle",2.92030440014252e-05,-3.075548,-2.280647,0.794901,0.535
"1055","TNNI2","hurdle",1.41138898788713e-09,-3.300105,-2.428794,0.871311,0.535
"1031","TLR5","hurdle",3.2497277660334e-05,-2.954681,-2.216609,0.738072,0.535
"966","SLC8B1","hurdle",0.048870462489852,-2.617776,-2.072486,0.54529,0.535
"961","SLC46A3","hurdle",0.0599561062323013,-2.866861,-2.261037,0.605824,0.535
"921","SESN1","hurdle",0.00036135222154536,-2.294061,-1.738104,0.555957,0.535
"916","SEPP1","hurdle",3.26274339783829e-15,-0.66104212,-0.03936499,0.62167713,0.535
"898","S100A9","hurdle",0.000121110674493741,-2.23196,-1.266908,0.965052,0.535
"891","RRM2B","hurdle",0.000566240590695889,-2.570867,-1.896156,0.674711,0.535
"845","RGL1","hurdle",3.19795183100376e-06,-2.962896,-2.126961,0.835935,0.535
"750","PBX3","hurdle",0.0021156170709614,-2.803857,-2.19705,0.606807,0.535
"738","P2RY6","hurdle",0.00233442573559061,-3.156483,-2.502833,0.65365,0.535
"734","P2RX4","hurdle",0.000453357819155944,-2.417844,-1.802176,0.615668,0.535
"692","NCEH1","hurdle",4.71609234026913e-05,-2.862972,-2.143432,0.71954,0.535
"540","ITPR2","hurdle",8.15411705484567e-05,-2.133198,-1.615939,0.517259,0.535
"381","FMNL3","hurdle",0.00114449558186158,-2.702889,-2.108756,0.594133,0.535
"346","FADS1","hurdle",0.00222320575127142,-2.801327,-2.106731,0.694596,0.535
"306","DOK3","hurdle",0.000592179604233339,-3.241697,-2.560367,0.68133,0.535
"295","DHRS9","hurdle",4.10691988691106e-05,-3.309651,-2.695001,0.61465,0.535
"269","CXCL10","hurdle",3.89192692763849e-09,-2.96755,-1.389951,1.577599,0.535
"142","CAMK1","hurdle",0.00120461910048514,-2.434522,-1.804026,0.630496,0.535
"82","ARSB","hurdle",5.43513889882938e-05,-3.196987,-2.475403,0.721584,0.535
"66","ARHGAP25","hurdle",0.11919233894409,-2.782604,-2.219853,0.562751,0.535
"21","ADAM9","hurdle",3.26667824434126e-07,-2.406368,-1.64662,0.759748,0.535
"1097","WARS","hurdle",0.0115143009395665,-1.98519,-1.468615,0.516575,0.534
"1057","TPMT","hurdle",0.00110915210010804,-2.416456,-1.780306,0.63615,0.534
"1011","TBC1D5","hurdle",0.00149797899771086,-2.265219,-1.746382,0.518837,0.534
"791","PNPLA6","hurdle",0.000804899714476018,-2.787433,-2.076075,0.711358,0.534
"701","NFAM1","hurdle",6.12527168851791e-08,-3.295224,-2.579411,0.715813,0.534
"507","IL10","hurdle",8.15269090866403e-11,-3.268748,-2.209854,1.058894,0.534
"292","DERA","hurdle",9.29152046546602e-05,-2.252348,-1.628673,0.623675,0.534
"291","DENND3","hurdle",0.0177323195770453,-2.770092,-2.133347,0.636745,0.534
"193","CD80","hurdle",3.19748564481684e-06,-3.259944,-2.615902,0.644042,0.534
"157","CCL18","hurdle",1.95542846240922e-09,-3.282454,-2.134232,1.148222,0.534
"57","APOBEC3A","hurdle",2.19366913278249e-10,-3.266897,-2.066624,1.200273,0.534
"51","AP001055.6","hurdle",7.87687770061338e-06,-3.289547,-2.634919,0.654628,0.534
"33","AGAP3","hurdle",0.00460895506520133,-2.694464,-2.145092,0.549372,0.534
"15","ACRBP","hurdle",3.75988362624683e-12,-3.291946,-2.457066,0.83488,0.534
"2","ABCC3","hurdle",0.00505914897508666,-2.849083,-2.227967,0.621116,0.534
"1065","TRMT1","hurdle",0.00021885087620286,-2.300905,-1.715651,0.585254,0.533
"1039","TMEM206","hurdle",0.00120529811686979,-2.933711,-2.247518,0.686193,0.533
"1036","TMEM106A","hurdle",0.000115271380989437,-2.91809,-2.280954,0.637136,0.533
"1035","TMED5","hurdle",0.0012919127969666,-1.868292,-1.317695,0.550597,0.533
"770","PLA2G2D","hurdle",1.36267246473188e-09,-3.317895,-2.358705,0.95919,0.533
"666","MOB3A","hurdle",0.000203727173207964,-2.512692,-1.891597,0.621095,0.533
"660","MMD","hurdle",2.55595438386769e-05,-2.713105,-2.067105,0.646,0.533
"656","MIR3945HG","hurdle",6.21916015363504e-10,-3.314428,-2.514142,0.800286,0.533
"584","LILRA6","hurdle",1.91333856747745e-06,-3.321928,-2.720696,0.601232,0.533
"580","LILRA1","hurdle",3.5587197562661e-09,-3.321928,-2.678336,0.643592,0.533
"529","IRAK2","hurdle",1.54017521185752e-08,-3.149726,-2.244014,0.905712,0.533
"484","HPS3","hurdle",0.000361178949852411,-2.576841,-1.977191,0.59965,0.533
"464","HHEX","hurdle",0.00105482187680925,-2.633206,-1.986409,0.646797,0.533
"431","GPR132","hurdle",0.361569064229563,-2.942648,-2.433239,0.509409,0.533
"400","GAB3","hurdle",3.14106151293204e-06,-3.161582,-2.484353,0.677229,0.533
"304","DOK1","hurdle",0.000128894925566868,-2.844414,-2.23044,0.613974,0.533
"297","DNAJA4","hurdle",0.000241242703563896,-2.081168,-1.412819,0.668349,0.533
"155","CCL13","hurdle",1.62230949850519e-06,-3.243077,-2.380877,0.8622,0.533
"1051","TNFSF12","hurdle",0.00602479313819802,-2.520766,-1.933464,0.587302,0.532
"995","ST3GAL5","hurdle",0.00994935271376511,-3.030629,-2.374033,0.656596,0.532
"955","SLC36A4","hurdle",0.000405343874042209,-2.783822,-2.088385,0.695437,0.532
"926","SGPP1","hurdle",0.00297713521652377,-2.994064,-2.402474,0.59159,0.532
"877","RP11-472N13.3","hurdle",1.28440181557014e-08,-3.300517,-2.455726,0.844791,0.532
"876","RP11-390P2.4","hurdle",2.91225992391317e-06,-3.237121,-2.54043,0.696691,0.532
"871","RP11-160E2.6","hurdle",0.0956503820196385,-2.564227,-2.057924,0.506303,0.532
"772","PLAC8","hurdle",0.000286817997646777,-2.521437,-1.599886,0.921551,0.532
"559","KIAA0930","hurdle",0.00262433133156803,-2.578337,-2.002979,0.575358,0.532
"551","KCNJ5","hurdle",6.78404701187533e-12,-3.316419,-2.479592,0.836827,0.532
"526","IPMK","hurdle",0.000187283646580238,-2.875338,-2.130951,0.744387,0.532
"321","EIF2AK3","hurdle",0.000297858795311289,-2.683686,-1.910825,0.772861,0.532
"1032","TLR6","hurdle",5.44086130503359e-07,-3.284108,-2.572791,0.711317,0.531
"908","SCO2","hurdle",0.000982005497751934,-2.127854,-1.585719,0.542135,0.531
"907","SCN1B","hurdle",6.67680743588732e-06,-3.020288,-2.27168,0.748608,0.531
"904","SATB1","hurdle",0.010257204651491,-2.599326,-2.033843,0.565483,0.531
"889","RRAGC","hurdle",0.00164133852818383,-2.474034,-1.90573,0.568304,0.531
"838","RCC2","hurdle",0.000237487339109277,-2.469765,-1.813287,0.656478,0.531
"833","RASSF3","hurdle",0.118554374652252,-2.645053,-2.138277,0.506776,0.531
"712","NQO2","hurdle",0.000173676673726222,-2.15899,-1.610965,0.548025,0.531
"627","MAP1LC3B2","hurdle",0.00251755766679287,-2.557965,-1.961564,0.596401,0.531
"547","JOSD1","hurdle",0.00126071583873623,-2.077997,-1.53412,0.543877,0.531
"426","GNG10","hurdle",0.000844938651176161,-2.005097,-1.474945,0.530152,0.531
"348","FAM210A","hurdle",7.33054907157157e-06,-2.548094,-1.877409,0.670685,0.531
"135","C3orf58","hurdle",0.0231644801121953,-2.518342,-2.004462,0.51388,0.531
"3","ABCC5","hurdle",0.00014628616773028,-2.598763,-1.982149,0.616614,0.531
"1083","VAC14","hurdle",0.00687306679264344,-2.834262,-2.273234,0.561028,0.53
"1059","TRAF1","hurdle",0.000314246959593476,-2.873998,-2.284131,0.589867,0.53
"1043","TMIGD3","hurdle",5.12954358290587e-08,-3.30908,-2.573541,0.735539,0.53
"826","RAP2A","hurdle",0.000238467540283898,-2.671857,-2.142123,0.529734,0.53
"797","PRAM1","hurdle",0.0011274954497531,-3.318048,-2.743211,0.574837,0.53
"757","PDXK","hurdle",0.000201494818211231,-2.226373,-1.712214,0.514159,0.53
"720","NUDT16","hurdle",0.00297231283984733,-2.060105,-1.544294,0.515811,0.53
"523","INPP4A","hurdle",0.0979578455792982,-2.700374,-2.190047,0.510327,0.53
"411","GGA2","hurdle",0.000711345505989901,-2.256979,-1.691752,0.565227,0.53
"376","FLT3","hurdle",2.08501337159163e-07,-3.290861,-2.527651,0.76321,0.53
"338","ETV3","hurdle",0.000442713747831766,-2.330697,-1.695223,0.635474,0.53
"214","CHST13","hurdle",1.55173824459154e-10,-3.321928,-2.612607,0.709321,0.53
"179","CD300LB","hurdle",6.7840470118697e-12,-3.321928,-2.569005,0.752923,0.53
"158","CCL2","hurdle",0.0334937036754484,-1.3284519,-0.7766896,0.5517623,0.53
"141","CADM1","hurdle",1.24507868015713e-09,-2.535341,-1.703341,0.832,0.53
"86","ATG4C","hurdle",1.05594022370452e-05,-2.693192,-2.18878,0.504412,0.53
"54","AP5Z1","hurdle",0.00461013434223079,-2.723098,-2.092713,0.630385,0.53
"1069","TTYH2","hurdle",4.3973117421556e-06,-3.172483,-2.402776,0.769707,0.529
"1048","TNFRSF11A","hurdle",2.52128125724834e-08,-3.228536,-2.463648,0.764888,0.529
"1026","TK2","hurdle",0.000893931340573408,-2.881784,-2.263332,0.618452,0.529
"1017","TFEB","hurdle",0.0019336443367906,-2.963994,-2.363288,0.600706,0.529
"1009","TANC2","hurdle",3.75845718144521e-06,-2.774542,-2.011182,0.76336,0.529
"1006","STXBP2","hurdle",0.000803929361625716,-2.154041,-1.56598,0.588061,0.529
"980","SNX8","hurdle",0.0213514761310791,-2.795856,-2.251642,0.544214,0.529
"875","RP11-325F22.2","hurdle",4.71725645194571e-05,-2.841425,-2.260073,0.581352,0.529
"630","MAP4K1","hurdle",0.0327590867942677,-2.940289,-2.383426,0.556863,0.529
"541","JAK2","hurdle",0.00101186224346177,-2.726435,-2.057968,0.668467,0.529
"355","FAR2","hurdle",0.0016237686108081,-2.993646,-2.382331,0.611315,0.529
"114","BLOC1S2","hurdle",0.00210605947725942,-1.822906,-1.294209,0.528697,0.529
"87","ATG7","hurdle",0.021679839860313,-2.728621,-2.172755,0.555866,0.529
"962","SLC5A3","hurdle",0.00872568870601943,-1.991147,-1.475875,0.515272,0.528
"952","SLC25A19","hurdle",0.0481311305914674,-2.80464,-2.272692,0.531948,0.528
"945","SLC12A5","hurdle",9.19285202465612e-07,-3.199018,-2.522774,0.676244,0.528
"880","RP11-758H9.2","hurdle",0.00146955145394349,-2.459667,-1.939863,0.519804,0.528
"764","PID1","hurdle",0.00081253564728677,-3.130078,-2.476577,0.653501,0.528
"739","P3H2","hurdle",0.000511891606593533,-3.00391,-2.314913,0.688997,0.528
"556","KDM2B","hurdle",0.0131041784445924,-2.721519,-2.186574,0.534945,0.528
"546","JDP2","hurdle",1.96686551962736e-05,-2.727589,-2.077582,0.650007,0.528
"522","ILF3-AS1","hurdle",8.16147036769789e-07,-1.815887,-1.16992,0.645967,0.528
"510","IL10RB-AS1","hurdle",1.83081604561213e-07,-3.263349,-2.714786,0.548563,0.528
"491","ICOSLG","hurdle",0.000229613656392398,-3.138218,-2.480912,0.657306,0.528
"240","CORO7","hurdle",0.00598836280982387,-2.843205,-2.274833,0.568372,0.528
"210","CHML","hurdle",0.00164640157757857,-2.907927,-2.27332,0.634607,0.528
"209","CH25H","hurdle",0.00135276864592249,-2.558628,-1.794202,0.764426,0.528
"198","CDK6","hurdle",0.00856177246722635,-2.568481,-1.990453,0.578028,0.528
"167","CCR7","hurdle",0.120746564658779,-2.085121,-1.519304,0.565817,0.528
"124","C12orf45","hurdle",0.00228489631204423,-2.292569,-1.722104,0.570465,0.528
"1100","WDR91","hurdle",0.000428742477260666,-2.995008,-2.448558,0.54645,0.527
"967","SLC9A7","hurdle",0.0036769978631675,-2.932907,-2.369928,0.562979,0.527
"817","PXDC1","hurdle",0.003110670256682,-2.646026,-2.11548,0.530546,0.527
"816","PUDP","hurdle",0.00614527095112679,-2.776956,-2.23967,0.537286,0.527
"800","PRKCD","hurdle",0.0328164183179323,-2.527353,-1.976402,0.550951,0.527
"780","PLEK2","hurdle",1.98511640592326e-07,-3.145718,-2.353842,0.791876,0.527
"755","PDGFB","hurdle",0.000652202366634495,-2.835711,-2.263261,0.57245,0.527
"742","PADI2","hurdle",0.000192884982062076,-3.070706,-2.399959,0.670747,0.527
"737","P2RY14","hurdle",0.00442591899727959,-3.081482,-2.510078,0.571404,0.527
"691","NAPSA","hurdle",1.38137383450562e-08,-3.29989,-2.546178,0.753712,0.527
"615","LY75","hurdle",0.00762925939936309,-3.087592,-2.481077,0.606515,0.527
"607","LRRK1","hurdle",0.0008143472839122,-2.963469,-2.364582,0.598887,0.527
"569","LAMP3","hurdle",0.000207139166824125,-3.207469,-2.476408,0.731061,0.527
"518","IL1RAP","hurdle",1.6095177747859e-05,-3.060481,-2.316119,0.744362,0.527
"358","FCGBP","hurdle",1.38931006955912e-09,-3.237286,-2.130974,1.106312,0.527
"257","CTA-29F11.1","hurdle",0.00602676615204715,-2.089769,-1.533642,0.556127,0.527
"159","CCL20","hurdle",1.3627955046657e-05,-3.163411,-2.143326,1.020085,0.527
"147","CARD11","hurdle",0.00404021028864515,-3.112463,-2.493547,0.618916,0.527
"119","BTBD1","hurdle",0.0239297553086848,-2.715898,-2.19356,0.522338,0.527
"84","ATF7IP2","hurdle",0.00325409169304238,-2.600758,-1.944769,0.655989,0.527
"1105","ZEB2-AS1","hurdle",3.09243891414283e-06,-3.287588,-2.53496,0.752628,0.526
"1095","VRK2","hurdle",0.00398570249520112,-2.515294,-1.996442,0.518852,0.526
"1050","TNFRSF21","hurdle",0.00859194825155259,-3.019821,-2.461468,0.558353,0.526
"754","PDE6G","hurdle",0.000543521336399624,-3.289563,-2.737499,0.552064,0.526
"408","GBGT1","hurdle",0.00063074915919475,-3.054963,-2.402345,0.652618,0.526
"377","FLVCR2","hurdle",0.000807725584512834,-3.233696,-2.656115,0.577581,0.526
"298","DNAJC5B","hurdle",0.000184321934897443,-3.295609,-2.748727,0.546882,0.526
"230","CMB9-22P13.1","hurdle",0.0013253907191453,-2.676193,-2.114565,0.561628,0.526
"109","BCO2","hurdle",3.75326837661267e-06,-3.149145,-2.391141,0.758004,0.526
"93","ATP5L2","hurdle",3.42785755981645e-06,-3.155573,-2.420996,0.734577,0.526
"91","ATP2C1","hurdle",0.000205386425187076,-2.113514,-1.552881,0.560633,0.526
"893","RUBCN","hurdle",0.00295414516015231,-2.779538,-2.181805,0.597733,0.525
"859","RNASE2","hurdle",1.91333856747651e-06,-3.321928,-2.790968,0.53096,0.525
"823","RAB42","hurdle",0.00288184414852623,-3.26835,-2.689976,0.578374,0.525
"719","NUAK2","hurdle",0.00372730380072637,-3.0872,-2.537908,0.549292,0.525
"713","NR1H3","hurdle",0.000315017321662377,-2.738209,-2.224517,0.513692,0.525
"671","MS4A4E","hurdle",1.55173824459149e-10,-3.321928,-2.618115,0.703813,0.525
"648","MFSD2A","hurdle",0.000554808835194174,-3.132811,-2.601859,0.530952,0.525
"544","JAZF1","hurdle",0.0100581830405819,-2.721339,-2.213913,0.507426,0.525
"454","HCAR2","hurdle",2.84113782615411e-08,-3.273901,-2.559826,0.714075,0.525
"176","CD274","hurdle",0.00114641217591543,-3.200139,-2.598686,0.601453,0.525
"94","ATP6V0A1","hurdle",0.00181165369184711,-2.527956,-1.990642,0.537314,0.525
"92","ATP5EP2","hurdle",0.00105202557815026,-2.741977,-2.074863,0.667114,0.525
"939","SIPA1L2","hurdle",0.00895768405233756,-2.701616,-2.172957,0.528659,0.524
"884","RP6-159A1.4","hurdle",8.71953745273015e-07,-3.302975,-2.575097,0.727878,0.524
"594","LINC00996","hurdle",6.55978077245262e-06,-3.180742,-2.500685,0.680057,0.524
"592","LINC00877","hurdle",9.90067563204757e-06,-3.287871,-2.700869,0.587002,0.524
"566","LACC1","hurdle",0.000616432162357405,-3.090856,-2.520526,0.57033,0.524
"463","HGF","hurdle",0.00817139006121359,-3.027267,-2.484628,0.542639,0.524
"433","GPR141","hurdle",3.46341785264263e-09,-3.308224,-2.543464,0.76476,0.524
"333","EREG","hurdle",2.82100211736704e-09,-3.283884,-2.404011,0.879873,0.524
"48","ANOS1","hurdle",0.00706544079876778,-3.04111,-2.470143,0.570967,0.524
"9","ABR","hurdle",0.00758662215876633,-2.616608,-2.028073,0.588535,0.524
"848","RGS13","hurdle",0.000103273195286836,-3.260005,-2.723045,0.53696,0.523
"561","KIF1B","hurdle",0.00122908780662427,-2.434913,-1.869308,0.565605,0.523
"320","EHBP1L1","hurdle",0.0470348591120602,-2.628228,-2.105662,0.522566,0.523
"294","DHDH","hurdle",3.20588697510748e-05,-3.247051,-2.594762,0.652289,0.523
"278","CYB561A3","hurdle",0.000308729349074994,-2.365686,-1.840114,0.525572,0.523
"165","CCL8","hurdle",0.00115738907875418,-2.845337,-2.01503,0.830307,0.523
"79","ARPIN","hurdle",0.0038314484968394,-2.865902,-2.33204,0.533862,0.523
"12","AC109826.1","hurdle",0.00104563262204876,-3.254139,-2.728299,0.52584,0.523
"958","SLC41A2","hurdle",0.00116305984289132,-3.060783,-2.459278,0.601505,0.522
"953","SLC2A5","hurdle",0.000105618274580808,-3.253665,-2.643095,0.61057,0.522
"844","RETN","hurdle",1.91333856747731e-06,-3.321928,-2.809493,0.512435,0.522
"686","NAF1","hurdle",0.00132125741212145,-2.417645,-1.773766,0.643879,0.522
"553","KCNQ1","hurdle",3.22497336568703e-06,-3.217149,-2.536005,0.681144,0.522
"531","IRF4","hurdle",0.111694401948999,-2.845242,-2.294716,0.550526,0.522
"421","GMPR","hurdle",5.78148991050795e-05,-3.06411,-2.519677,0.544433,0.522
"399","GAB2","hurdle",0.000833769086546925,-3.055548,-2.384039,0.671509,0.522
"315","EAF2","hurdle",0.0447225186506823,-2.869071,-2.341747,0.527324,0.522
"172","CD1B","hurdle",3.5587197562663e-09,-3.320518,-2.660406,0.660112,0.522
"59","APOC2","hurdle",3.55871975626513e-09,-3.321928,-2.51856,0.803368,0.522
"1014","TCHH","hurdle",1.55173824459218e-10,-3.311805,-2.677546,0.634259,0.521
"756","PDGFC","hurdle",0.00113531671129916,-3.065681,-2.511622,0.554059,0.521
"696","NCK1-AS1","hurdle",0.00163812715111302,-2.989942,-2.391733,0.598209,0.521
"482","HOTAIRM1","hurdle",0.0014189822313201,-2.395628,-1.844976,0.550652,0.521
"140","CACNB4","hurdle",0.000114297705106535,-3.215654,-2.65334,0.562314,0.521
"118","BST1","hurdle",0.000345089348059681,-3.007719,-2.427377,0.580342,0.521
"110","BEST1","hurdle",0.00468241506265583,-2.758997,-2.193946,0.565051,0.521
"11","AC074289.1","hurdle",0.00561303550066135,-3.094825,-2.581968,0.512857,0.521
"1092","VNN2","hurdle",0.00021211128575062,-3.250237,-2.675699,0.574538,0.52
"975","SNX18","hurdle",0.00540084574104598,-2.507045,-1.968055,0.53899,0.52
"872","RP11-169D4.2","hurdle",6.6744274059384e-05,-3.263835,-2.756867,0.506968,0.52
"645","MFI2","hurdle",6.1460228738458e-06,-3.121799,-2.51343,0.608369,0.52
"331","EPHB2","hurdle",0.00272723406620659,-3.210836,-2.647488,0.563348,0.52
"270","CXCL11","hurdle",5.8331754959032e-06,-3.171747,-2.325579,0.846168,0.52
"1088","VENTX","hurdle",8.20773759941884e-08,-3.31758,-2.766936,0.550644,0.519
"994","ST18","hurdle",1.91333856747608e-06,-3.321928,-2.785503,0.536425,0.519
"937","SIGLEC8","hurdle",8.20773759942805e-08,-3.321928,-2.7574,0.564528,0.519
"881","RP11-76E17.3","hurdle",2.22617338519336e-07,-3.315215,-2.686553,0.628662,0.519
"879","RP11-701P16.2","hurdle",1.91758208099958e-07,-3.31484,-2.788761,0.526079,0.519
"708","NME8","hurdle",8.20773759941739e-08,-3.321928,-2.750274,0.571654,0.519
"677","MVB12B","hurdle",0.00142437160263315,-3.044285,-2.537029,0.507256,0.519
"582","LILRA4","hurdle",1.55173824459282e-10,-3.321928,-2.613562,0.708366,0.519
"455","HCAR3","hurdle",4.37738604709508e-05,-3.317081,-2.798921,0.51816,0.519
"223","CLEC4C","hurdle",3.55871975626525e-09,-3.321928,-2.706126,0.615802,0.519
"69","ARHGEF40","hurdle",0.0165904838046003,-2.805375,-2.289595,0.51578,0.519
"1042","TMEM86A","hurdle",0.00420301938272456,-3.032977,-2.467652,0.565325,0.518
"1028","TLR10","hurdle",0.00391737932102624,-3.275463,-2.709739,0.565724,0.518
"899","S100B","hurdle",0.000552382351207377,-3.127632,-2.470083,0.657549,0.518
"874","RP11-24F11.2","hurdle",1.68636836787687e-08,-3.297088,-2.616524,0.680564,0.518
"466","HIF1A-AS2","hurdle",5.53287167094951e-05,-3.29915,-2.714109,0.585041,0.518
"402","GABRB2","hurdle",4.26495765652347e-07,-3.284672,-2.682276,0.602396,0.518
"365","FCHO2","hurdle",0.00323649846128952,-2.437511,-1.934307,0.503204,0.518
"108","BCL2L14","hurdle",5.32395968504942e-07,-3.29024,-2.66121,0.62903,0.518
"44","ALPK3","hurdle",0.000505394782817781,-3.213819,-2.605965,0.607854,0.517
"1062","TRGV5","hurdle",0.016351801982183,-3.180295,-2.676087,0.504208,0.516
"895","S100A12","hurdle",8.20773759942372e-08,-3.315803,-2.558964,0.756839,0.516
"878","RP11-480C22.1","hurdle",3.55871975626634e-09,-3.321928,-2.736964,0.584964,0.516
"634","MARCO","hurdle",0.000157726619451585,-3.303054,-2.744608,0.558446,0.516
"565","L3MBTL4-AS1","hurdle",3.57287117170444e-06,-3.310471,-2.684543,0.625928,0.516
"554","KCNQ3","hurdle",2.68187068124978e-05,-3.24461,-2.585776,0.658834,0.516
"435","GPR157","hurdle",1.69513355128631e-05,-2.965946,-2.277161,0.688785,0.516
"268","CXCL1","hurdle",0.0026026038894044,-3.071581,-2.446231,0.62535,0.515
"160","CCL22","hurdle",0.000284292883435476,-3.294613,-2.674128,0.620485,0.515
"1054","TNFSF18","hurdle",8.20773759941718e-08,-3.319912,-2.762703,0.557209,0.514
"676","MTSS1","hurdle",0.00109217436594217,-2.363064,-1.844235,0.518829,0.514
"545","JCHAIN","hurdle",0.0114618287534557,-2.312878,-1.637137,0.675741,0.512
"511","IL12B","hurdle",4.55066148502634e-05,-3.321928,-2.773295,0.548633,0.511
"504","IGLV3-19","hurdle",0.0295938691914107,-3.166416,-2.635682,0.530734,0.51
"156","CCL17","hurdle",0.00099170504095372,-3.305737,-2.794145,0.511592,0.51
