"","Gene","test.type","p_value","log2.mean.Cluster_Other","log2.mean.PVL","log2fold_change","Auc"
"706","MYL9","hurdle",0,-0.9943965,1.8818448,2.8762413,0.975
"163","CALD1","hurdle",7.32925128821399e-279,-0.7733975,1.7696454,2.5430429,0.966
"12","ACTA2","hurdle",8.09645059657898e-297,-1.369511,1.888665,3.258176,0.959
"1097","TAGLN","hurdle",4.1276948227571e-284,-1.055209,2.038286,3.093495,0.958
"1152","TPM2","hurdle",1.7915419756566e-293,-1.637117,1.616203,3.25332,0.955
"535","IGFBP7","hurdle",4.0755350509189e-206,0.07912983,2.19180887,2.11267904,0.941
"1053","SOD3","hurdle",9.92417936336956e-240,-2.075957,1.140909,3.216866,0.898
"1151","TPM1","hurdle",1.85422682338563e-185,-0.4250987,1.3486634,1.7737621,0.894
"660","MFGE8","hurdle",1.03708109263654e-233,-1.9218072,0.9787639,2.9005711,0.894
"176","CAV1","hurdle",1.44290955328965e-176,-0.9744414,1.2690844,2.2435258,0.893
"122","BGN","hurdle",7.56224154091556e-200,-1.562365,1.087095,2.64946,0.89
"835","PLAC9","hurdle",1.36420076873521e-203,-2.0195882,0.8651283,2.8847165,0.885
"34","ADIRF","hurdle",3.91106945597094e-148,-0.08678562,1.55765431,1.64443993,0.885
"1061","SPARCL1","hurdle",5.07399568532641e-159,-0.1847072,1.725427,1.9101342,0.884
"746","NOTCH3","hurdle",3.73091146406509e-229,-2.4234527,0.6598008,3.0832535,0.87
"603","LHFP","hurdle",8.32857992435162e-180,-1.7165128,0.8408316,2.5573444,0.87
"598","LGALS1","hurdle",4.12150226995092e-128,0.1419043,1.4979142,1.3560099,0.867
"1193","VIM","hurdle",1.03395533015877e-115,0.8781552,2.0595484,1.1813932,0.862
"1125","TINAGL1","hurdle",1.25501029299311e-184,-1.8737209,0.7411878,2.6149087,0.855
"722","NDUFA4L2","hurdle",5.46220164724687e-244,-2.7986382,0.9685167,3.7671549,0.855
"261","CPE","hurdle",1.73378298814338e-182,-2.0506832,0.7436772,2.7943604,0.855
"864","PPP1R14A","hurdle",3.95459419800138e-193,-2.4693142,0.6799135,3.1492277,0.854
"999","SERPING1","hurdle",3.44227064824137e-130,-0.9611081,0.9470642,1.9081723,0.845
"639","MAP1B","hurdle",6.06184959830529e-165,-2.027624,0.6109952,2.6386192,0.842
"890","PTRF","hurdle",2.00502783898415e-122,-0.9153812,0.9412001,1.8565813,0.841
"1060","SPARC","hurdle",4.46273060394065e-129,-0.442198,1.315263,1.757461,0.84
"994","SEPT7","hurdle",1.69154797668624e-122,-0.2733653,1.0452166,1.3185819,0.84
"531","IFITM3","hurdle",4.8350883978346e-103,0.6751281,1.7336276,1.0584995,0.836
"653","MCAM","hurdle",1.90307695171186e-185,-2.4417931,0.5443256,2.9861187,0.833
"801","PDGFRB","hurdle",1.64946263634262e-173,-2.4755556,0.3783406,2.8538962,0.832
"278","CSRP2","hurdle",5.91845908160502e-155,-2.044622,0.5731462,2.6177682,0.832
"693","MT2A","hurdle",3.14300822462331e-104,0.3519799,1.6816655,1.3296856,0.83
"969","S100A4","hurdle",1.96999168736581e-105,-0.03891627,1.4705816,1.50949787,0.829
"428","FRZB","hurdle",1.93159893775935e-181,-2.6018568,0.4265389,3.0283957,0.829
"705","MYL6","hurdle",1.54153831702639e-81,1.168286,1.713028,0.544742,0.827
"708","MYLK","hurdle",1.07139466775851e-146,-2.024235,0.545145,2.56938,0.822
"247","COL18A1","hurdle",9.26101654059865e-159,-1.9125988,0.6750956,2.5876944,0.822
"321","DSTN","hurdle",4.96106061814223e-107,0.3691455,1.4326387,1.0634932,0.815
"1123","TIMP3","hurdle",9.39253478247568e-100,-0.6843281,1.0671827,1.7515108,0.812
"934","RGS5","hurdle",9.14882319502242e-182,-2.424077,1.0817,3.505777,0.812
"663","MGST3","hurdle",1.20651397831953e-107,-0.03280832,1.06754327,1.10035159,0.811
"689","MT1E","hurdle",6.25370349495643e-117,-1.252807,0.9259456,2.1787526,0.808
"277","CSRP1","hurdle",4.63336666713573e-109,-0.9065398,0.822511,1.7290508,0.806
"868","PRKCDBP","hurdle",4.88378118385266e-123,-1.7051197,0.5083802,2.2134999,0.803
"446","GJA4","hurdle",3.15260099334221e-157,-2.516504,0.3510505,2.8675545,0.802
"1","A2M","hurdle",2.66874857791302e-111,-0.8989706,0.8045621,1.7035327,0.798
"471","GSN","hurdle",6.29475653626087e-96,-0.2540063,1.0847676,1.3387739,0.794
"521","ID3","hurdle",5.07822504874022e-87,-0.526475,1.008984,1.535459,0.792
"413","FILIP1L","hurdle",1.23398079701961e-130,-1.9833471,0.3900163,2.3733634,0.792
"691","MT1M","hurdle",3.91859151354099e-128,-2.1390367,0.7313915,2.8704282,0.789
"367","EPS8","hurdle",2.10291126155349e-139,-2.0973017,0.2390769,2.3363786,0.788
"1114","TGFB1I1","hurdle",3.88762558320101e-126,-2.0365408,0.2400329,2.2765737,0.787
"550","ISYNA1","hurdle",2.70839238552227e-132,-1.9972456,0.3118319,2.3090775,0.786
"257","COL6A2","hurdle",2.11658636963268e-130,-1.56521,0.5118861,2.0770961,0.785
"6","AC013461.1","hurdle",3.57956056632098e-124,-1.959073,0.2050492,2.1641222,0.779
"271","CRYAB","hurdle",1.06747382123429e-109,-2.0214164,0.3317206,2.353137,0.778
"992","SEPT4","hurdle",8.84154066235189e-157,-2.7243819,0.1151169,2.8394988,0.776
"418","FLNA","hurdle",1.72616015432826e-91,-1.0428776,0.6697476,1.7126252,0.776
"616","LMOD1","hurdle",2.5415805833541e-150,-2.9140083,0.1049712,3.0189795,0.774
"593","LBH","hurdle",2.62251524378791e-90,-1.6163019,0.3358025,1.9521044,0.771
"466","GPX3","hurdle",3.34291327029769e-113,-2.3045364,0.1646009,2.4691373,0.768
"533","IGFBP5","hurdle",1.42627900111456e-91,-1.1028698,0.9325187,2.0353885,0.767
"140","C1QTNF1","hurdle",8.5509370111218e-134,-2.6540769,0.02252734,2.67660424,0.766
"763","NTRK2","hurdle",3.75467513738227e-123,-2.63552366,0.05186995,2.68739361,0.765
"268","CRISPLD2","hurdle",4.92729682678098e-112,-2.2961863,0.1893489,2.4855352,0.765
"888","PTP4A3","hurdle",2.45571347660986e-118,-2.1536376,0.1932236,2.3468612,0.764
"131","C11orf96","hurdle",6.24113903378501e-129,-2.4705367,0.3034949,2.7740316,0.763
"702","MYH11","hurdle",6.99332676156391e-141,-2.70863,0.482913,3.191543,0.761
"554","ITGB1","hurdle",4.97635478451241e-71,-0.4310473,0.7354983,1.1665456,0.761
"844","PLN","hurdle",2.23179845773562e-167,-3.19513726,0.08606182,3.28119908,0.759
"358","EPAS1","hurdle",4.24149855235137e-81,-1.3070428,0.3674832,1.674526,0.759
"751","NR2F2","hurdle",4.66957952384492e-104,-1.571642,0.2918168,1.8634588,0.758
"16","ADAMTS1","hurdle",3.48684839239638e-82,-1.6434328,0.3512491,1.9946819,0.754
"817","PGF","hurdle",8.62211466518847e-143,-2.81809229,0.01528751,2.8333798,0.753
"885","PTK2","hurdle",3.58910299706157e-111,-1.749276,0.151436,1.900712,0.752
"259","COX4I2","hurdle",5.10933018025717e-150,-3.11221326,-0.07694284,3.03527042,0.752
"407","FHL1","hurdle",4.13293123891607e-98,-2.40799817,0.02460444,2.43260261,0.75
"1116","TGFBI","hurdle",2.84378521269975e-113,-2.60670852,-0.04820235,2.55850617,0.749
"861","PPP1R12A","hurdle",2.66499378093723e-82,-1.2039708,0.3222604,1.5262312,0.749
"478","GUCY1B3","hurdle",2.48622958047566e-137,-3.0118603,-0.2865515,2.7253088,0.748
"998","SERPINF1","hurdle",8.09815091094006e-96,-1.5980872,0.2685575,1.8666447,0.747
"619","LPP","hurdle",4.068320970442e-81,-1.0300626,0.3902097,1.4202723,0.747
"561","JAG1","hurdle",8.8890636368297e-96,-2.14381539,0.00394145,2.14775684,0.746
"886","PTMS","hurdle",2.3026582652299e-58,-0.2940912,0.6804646,0.9745558,0.743
"601","LGI4","hurdle",6.02775668968467e-141,-3.1954202,-0.3792761,2.8161441,0.743
"530","IFITM2","hurdle",5.17222340161618e-52,0.4480059,1.2389554,0.7909495,0.741
"1163","TSC22D1","hurdle",7.53232162889139e-58,-0.1149568,0.9083183,1.0232751,0.739
"238","CNN3","hurdle",4.83645352459395e-60,-0.7803122,0.4818647,1.2621769,0.739
"132","C12orf57","hurdle",3.51368947893694e-50,0.1691034,0.9376706,0.7685672,0.738
"203","CD63","hurdle",1.12611856122196e-43,0.5759122,1.2183142,0.642402,0.736
"431","FXYD1","hurdle",1.53846311742015e-93,-2.4703501,-0.1489649,2.3213852,0.735
"177","CAV2","hurdle",2.9593278841337e-82,-1.96470012,-0.01914054,1.94555958,0.735
"768","OAZ2","hurdle",1.71486241004951e-93,-1.76585888,0.04711641,1.81297529,0.734
"1179","UBA2","hurdle",1.12193660968151e-91,-1.69403479,0.01867389,1.71270868,0.732
"922","RCAN2","hurdle",4.12833224036343e-124,-3.040783,-0.40417,2.636613,0.732
"312","DKK3","hurdle",1.54280440388836e-96,-2.4358582,-0.1949977,2.2408605,0.731
"979","SDC2","hurdle",6.11530293874102e-89,-2.27110854,-0.08894477,2.18216377,0.73
"477","GUCY1A3","hurdle",5.68548594090155e-98,-2.5412703,-0.2597007,2.2815696,0.729
"345","EID1","hurdle",1.31670615022925e-50,-0.2500356,0.6498116,0.8998472,0.729
"253","COL4A2","hurdle",1.17107139682655e-74,-1.730021,0.1830116,1.9130326,0.728
"489","HES4","hurdle",5.58847109582554e-85,-1.84284187,-0.03285947,1.8099824,0.727
"846","PLS3","hurdle",1.01576919606371e-78,-2.2478985,-0.2523364,1.9955621,0.726
"540","ILK","hurdle",7.67799626949475e-75,-1.3859808,0.1238336,1.5098144,0.726
"343","EHD2","hurdle",1.0044291203403e-79,-2.0730833,-0.1271568,1.9459265,0.726
"928","RERGL","hurdle",5.83240423167444e-142,-3.1078829,0.1965667,3.3044496,0.725
"333","EDNRA","hurdle",9.5583146795463e-104,-2.9300879,-0.3360947,2.5939932,0.725
"1149","TNS1","hurdle",2.19277633897898e-86,-2.4298395,-0.2546984,2.1751411,0.721
"791","PCOLCE","hurdle",1.11838456836607e-84,-1.97197683,0.06205392,2.03403075,0.721
"983","SELM","hurdle",3.62465545290438e-42,0.09862424,0.90615117,0.80752693,0.72
"368","ESAM","hurdle",1.99259959356087e-68,-1.55555517,-0.01020019,1.54535498,0.72
"1206","YBX1","hurdle",7.30575340603243e-46,0.07983478,0.86819773,0.78836295,0.719
"1093","SYNPO2","hurdle",4.72700830088658e-93,-2.620651,-0.236789,2.383862,0.719
"655","MEF2C","hurdle",5.80651375162692e-69,-1.800403063,0.002974303,1.803377366,0.719
"199","CD151","hurdle",1.69607618551237e-48,-0.2708242,0.6660516,0.9368758,0.718
"1031","SLIT3","hurdle",4.65127672679805e-90,-2.6511321,-0.2940335,2.3570986,0.717
"290","CYB5R3","hurdle",1.15293317727085e-55,-0.9200821,0.3437067,1.2637888,0.717
"193","CCL2","hurdle",4.32170477174328e-75,-1.7158076,0.5930341,2.3088417,0.717
"920","RBPMS","hurdle",2.89057311144567e-64,-1.5573176,-0.03293303,1.52438457,0.715
"643","MAP3K7CL","hurdle",6.02550774015302e-126,-3.0911328,-0.3326124,2.7585204,0.715
"148","C2orf40","hurdle",7.06497111707278e-87,-2.52753332,-0.01877401,2.50875931,0.714
"933","RGS16","hurdle",2.21258846157878e-65,-1.3845086,0.3364939,1.7210025,0.712
"595","LDHB","hurdle",2.61841278960818e-50,-0.5834649,0.4518848,1.0353497,0.712
"248","COL1A1","hurdle",1.78589862557832e-76,-1.1718438,0.2389011,1.4107449,0.712
"876","PRRX1","hurdle",2.95047473671267e-78,-2.3765008,-0.3073379,2.0691629,0.711
"909","RASL11A","hurdle",1.99091966453077e-75,-2.4451863,-0.2941891,2.1509972,0.71
"687","MSRB3","hurdle",2.60906386810721e-72,-2.2987698,-0.2969275,2.0018423,0.71
"910","RASL12","hurdle",4.52613350268632e-110,-3.0952397,-0.5608248,2.5344149,0.709
"249","COL1A2","hurdle",6.06978634378013e-85,-1.2187613,0.2916646,1.5104259,0.709
"1038","SMOC2","hurdle",9.16371101460785e-78,-2.210611,-0.1751126,2.0354984,0.707
"662","MGLL","hurdle",1.89822695728122e-49,-1.304001,0.123453,1.427454,0.706
"855","PNRC1","hurdle",1.29747258108036e-38,0.03580008,0.79501814,0.75921806,0.705
"822","PHLDA1","hurdle",6.64399097696948e-56,-1.0658624,0.3998148,1.4656772,0.705
"94","ARPC5","hurdle",5.74150803125445e-50,-0.5666404,0.4391003,1.0057407,0.704
"373","FABP4","hurdle",9.43303855774508e-67,-1.1511365,0.3445664,1.4957029,0.703
"688","MT1A","hurdle",2.75533888207606e-99,-2.81963667,-0.05222308,2.76741359,0.701
"328","EBF1","hurdle",5.16617283209488e-70,-2.3935118,-0.3724188,2.021093,0.701
"15","ACTN4","hurdle",5.42402605685766e-61,-0.9050794,0.2955677,1.2006471,0.701
"905","RARRES2","hurdle",1.55530978282299e-66,-1.7685757,-0.0823862,1.6861895,0.7
"341","EGR1","hurdle",4.88352936847442e-37,0.1487556,1.0503209,0.9015653,0.7
"246","COL14A1","hurdle",5.33085274182777e-84,-2.2141002,-0.2653577,1.9487425,0.7
"252","COL4A1","hurdle",1.0512365066887e-61,-1.88380281,0.03047037,1.91427318,0.699
"565","JUN","hurdle",6.89015265104361e-28,1.170305,1.692005,0.5217,0.697
"495","HIGD1B","hurdle",2.0356947648507e-105,-3.0735807,-0.2712852,2.8022955,0.697
"221","CHCHD10","hurdle",6.76157026181864e-51,-0.9397844,0.1960554,1.1358398,0.697
"55","ANGPTL4","hurdle",4.06103406260432e-60,-1.93430763,-0.07512527,1.85918236,0.697
"36","AEBP1","hurdle",1.1789552098412e-78,-1.8928447,-0.2406108,1.6522339,0.697
"1121","TIMP1","hurdle",1.93735776601755e-35,0.1376633,0.9898561,0.8521928,0.696
"1168","TUBA1A","hurdle",2.00372939370217e-37,-0.1666946,0.6975692,0.8642638,0.695
"1154","TPPP3","hurdle",6.61643703918638e-87,-2.7202296,-0.3247797,2.3954499,0.695
"1103","TBX2","hurdle",5.86830070301516e-103,-3.1722105,-0.5669253,2.6052852,0.695
"591","LAPTM4A","hurdle",1.000352759045e-32,0.2122574,0.8661382,0.6538808,0.695
"532","IGFBP4","hurdle",4.13571409128244e-46,0.0009201752,0.8666986547,0.8657784795,0.695
"1055","SORBS2","hurdle",1.27824301791119e-111,-1.9341376,0.2167285,2.1508661,0.694
"1018","SLC25A6","hurdle",3.34622613896996e-31,0.4329482,1.0073314,0.5743832,0.693
"703","MYH9","hurdle",3.30840425782572e-41,-0.5895793,0.4189728,1.0085521,0.693
"337","EFHD1","hurdle",4.088335171182e-39,-0.9742345,0.1494099,1.1236444,0.693
"383","FAM162B","hurdle",4.65232964805827e-98,-3.1683398,-0.6537213,2.5146185,0.692
"267","CRIP2","hurdle",5.59476758148084e-34,-0.07485732,0.74703798,0.8218953,0.692
"209","CDH6","hurdle",1.12146385278625e-104,-3.228288,-0.729018,2.49927,0.691
"129","C10orf10","hurdle",1.95129395551464e-58,-1.7724983,0.0554217,1.82792,0.691
"721","NDRG2","hurdle",7.21652276196094e-62,-1.9569212,-0.2746317,1.6822895,0.69
"436","GADD45B","hurdle",3.68380313480169e-37,0.3914767,1.177199,0.7857223,0.69
"256","COL6A1","hurdle",7.8162903480098e-79,-1.7024799,-0.1452311,1.5572488,0.69
"1016","SLC25A3","hurdle",1.60106080250857e-31,0.1792037,0.7706562,0.5914525,0.689
"823","PHLDA2","hurdle",5.49254965378062e-43,-1.1151491,0.2547749,1.369924,0.689
"566","KANK2","hurdle",3.75123032680592e-70,-2.5921666,-0.5677325,2.0244341,0.688
"1000","SERPINH1","hurdle",6.87091760710054e-43,-0.9977413,0.1565668,1.1543081,0.687
"269","CRTAP","hurdle",4.30185119455059e-41,-1.076018,0.10111,1.177128,0.687
"1190","VCL","hurdle",8.07743135231876e-61,-1.9560141,-0.2888749,1.6671392,0.686
"1207","YBX3","hurdle",8.39814420818518e-39,-0.9336385,0.2282791,1.1619176,0.685
"1153","TPM4","hurdle",2.43669995717183e-35,-0.1508495,0.6184079,0.7692574,0.685
"1056","SORBS3","hurdle",4.22458571989457e-51,-1.706856,-0.2332935,1.4735625,0.685
"684","MRVI1","hurdle",1.92227409410088e-78,-3.1166873,-0.8322349,2.2844524,0.685
"679","MRGPRF","hurdle",4.21608825705745e-100,-3.11094,-0.6588065,2.4521335,0.685
"260","COX7A1","hurdle",9.22998380466198e-59,-2.1212818,-0.4555707,1.6657111,0.685
"484","HCFC1R1","hurdle",4.32230488907356e-41,-0.8113031,0.2077225,1.0190256,0.684
"14","ACTN1","hurdle",2.19974826309763e-45,-0.9721151,0.1750093,1.1471244,0.684
"1169","TUBA1B","hurdle",2.23788435041824e-29,0.3608251,0.9698633,0.6090382,0.683
"63","ANXA6","hurdle",1.07817978432182e-47,-1.2987907,-0.04772774,1.25106296,0.683
"772","OLFML2B","hurdle",8.61823544204059e-73,-2.6688037,-0.4736984,2.1951053,0.681
"465","GPRC5C","hurdle",1.97094391422797e-75,-2.4157142,-0.4839142,1.9318,0.681
"216","CEBPD","hurdle",1.10699073715506e-36,-0.5094053,0.5336815,1.0430868,0.681
"765","NUDT4","hurdle",2.84678137860088e-46,-1.20201115,-0.01046134,1.19154981,0.68
"237","CNN1","hurdle",1.60259232725007e-73,-2.704931,-0.2780485,2.4268825,0.68
"1214","ZEB2","hurdle",1.56065593456862e-55,-1.9724427,-0.4116273,1.5608154,0.677
"73","ARHGAP10","hurdle",8.13576908467103e-60,-2.7076004,-0.7406225,1.9669779,0.677
"51","ANGPT2","hurdle",1.56319569096186e-56,-2.3959649,-0.5324146,1.8635503,0.677
"833","PKIG","hurdle",4.02236285232162e-54,-1.8045468,-0.3247071,1.4798397,0.673
"709","MYO1B","hurdle",7.70284200180115e-66,-2.2692697,-0.4372128,1.8320569,0.673
"232","CLMN","hurdle",4.55663615441719e-55,-2.0760243,-0.4735209,1.6025034,0.673
"64","AOC3","hurdle",4.55070274395219e-61,-2.7195599,-0.7147476,2.0048123,0.673
"800","PDGFA","hurdle",4.41210134648402e-81,-2.7867975,-0.6034904,2.1833071,0.672
"410","FHL5","hurdle",1.16259191696519e-94,-3.2855592,-0.8919325,2.3936267,0.672
"211","CDKN1A","hurdle",1.13260467969971e-28,-0.08051335,0.85331974,0.93383309,0.672
"104","ATP5B","hurdle",1.56318281259322e-31,-0.363602,0.3716926,0.7352946,0.671
"93","ARPC1A","hurdle",4.50747187833329e-37,-0.7451289,0.1777871,0.922916,0.671
"944","ROCK1","hurdle",1.23095746925167e-41,-1.18963218,-0.06783878,1.1217934,0.67
"807","PDLIM3","hurdle",1.11760046775518e-43,-1.7074912,-0.1968887,1.5106025,0.67
"251","COL3A1","hurdle",3.3696039377937e-64,-1.3935549,-0.0404655,1.3530894,0.67
"1052","SOCS3","hurdle",2.10584339581408e-29,-0.3248818,0.5679524,0.8928342,0.669
"782","PALLD","hurdle",2.46383472092962e-41,-1.465653,-0.129475,1.336178,0.669
"551","ITGA1","hurdle",3.9713837024982e-56,-2.442294,-0.61093,1.831364,0.669
"474","GSTP1","hurdle",1.13879263995334e-28,0.2042155,0.8397849,0.6355694,0.669
"174","CASQ2","hurdle",1.07238112337891e-102,-3.2752876,-0.7405901,2.5346975,0.669
"155","CABIN1","hurdle",2.85553276531629e-51,-2.3347832,-0.6082784,1.7265048,0.669
"1128","TLN1","hurdle",7.86803161530945e-40,-1.5255341,-0.2145294,1.3110047,0.668
"862","PPP1R12B","hurdle",2.2231218557034e-59,-2.5995356,-0.7195722,1.8799634,0.668
"423","FOXS1","hurdle",2.1596007892176e-80,-3.1645693,-0.8485899,2.3159794,0.668
"728","NEURL1B","hurdle",3.69155956008632e-67,-2.9158799,-0.8228579,2.093022,0.667
"143","C1R","hurdle",2.65385222970072e-51,-1.7866784,-0.1593281,1.6273503,0.667
"1113","TFPI","hurdle",3.68629502467447e-38,-1.6575426,-0.2770383,1.3805043,0.665
"701","MYC","hurdle",5.6012678996681e-31,-0.4849941,0.4871054,0.9720995,0.665
"188","CCDC3","hurdle",4.49638844345089e-61,-2.7441088,-0.7620727,1.9820361,0.665
"62","ANXA5","hurdle",7.16353105843189e-28,-0.5052485,0.287711,0.7929595,0.664
"1077","STEAP4","hurdle",6.19317163974447e-78,-2.7085087,-0.3255777,2.382931,0.663
"805","PDLIM1","hurdle",4.27774632205996e-36,-0.5255946,0.2920892,0.8176838,0.663
"1106","TCF4","hurdle",1.75045977893216e-42,-1.09840383,-0.08617369,1.01223014,0.662
"784","PARM1","hurdle",1.54131002074741e-72,-3.0652792,-0.8485444,2.2167348,0.662
"444","GEM","hurdle",2.58769519692415e-36,-1.5067894,-0.1224417,1.3843477,0.662
"1009","SH3BGRL","hurdle",1.14441396121029e-25,0.0750174,0.6820981,0.6070807,0.661
"1187","VASN","hurdle",1.23042990160672e-49,-2.312059,-0.6793266,1.6327324,0.66
"973","SBDS","hurdle",9.63660724844253e-33,-0.6785027,0.1435731,0.8220758,0.66
"808","PDLIM7","hurdle",3.55942444786049e-43,-1.9644288,-0.4972145,1.4672143,0.66
"369","ESD","hurdle",2.2850104305436e-35,-1.0333878,-0.07039871,0.96298909,0.66
"694","MTHFD2","hurdle",1.73991151571993e-35,-1.291216,-0.1441869,1.1470291,0.659
"552","ITGA7","hurdle",1.44057766022443e-90,-3.2415542,-0.9331752,2.308379,0.659
"4","ABCC9","hurdle",1.09475160639702e-78,-3.1482581,-0.8683401,2.279918,0.659
"570","KCNJ8","hurdle",2.54759917471549e-68,-3.0296137,-0.8281864,2.2014273,0.658
"82","ARHGEF17","hurdle",2.69738783444816e-65,-2.913776,-0.8969084,2.0168676,0.658
"20","ADAMTS4","hurdle",1.01764121005413e-50,-2.4495336,-0.5453121,1.9042215,0.658
"599","LGALS3BP","hurdle",1.72062074987699e-30,-0.7554888,0.1974045,0.9528933,0.657
"514","HSPB6","hurdle",1.96612995241229e-67,-2.8113303,-0.5027339,2.3085964,0.657
"1201","WFDC1","hurdle",3.87415674629992e-96,-3.2757949,-0.8373038,2.4384911,0.656
"279","CST3","hurdle",6.69214015548891e-36,0.7691593,1.3136491,0.5444898,0.656
"222","CHN1","hurdle",2.58041364518948e-59,-2.6317836,-0.7394056,1.892378,0.656
"77","ARHGAP29","hurdle",5.60276196067506e-30,-1.1931006,-0.1436244,1.0494762,0.656
"45","AKAP12","hurdle",8.43320674448577e-46,-2.424906,-0.7424522,1.6824538,0.656
"13","ACTG2","hurdle",2.47434543218238e-69,-2.745385,-0.446546,2.298839,0.656
"1215","ZFHX3","hurdle",4.61062366389998e-54,-2.3834792,-0.6430904,1.7403888,0.655
"1095","TACC1","hurdle",3.87333748985204e-28,-1.3871492,-0.2544889,1.1326603,0.655
"1080","STOM","hurdle",2.93219480784401e-30,-0.82673456,0.08646912,0.91320368,0.655
"720","NDN","hurdle",4.09513252064185e-55,-2.7214875,-0.8319548,1.8895327,0.655
"173","CARMN","hurdle",7.31993273213339e-72,-3.0823037,-0.8550497,2.227254,0.655
"1198","WDR1","hurdle",3.28002903700755e-36,-1.2000452,-0.1524572,1.047588,0.654
"1104","TBX2-AS1","hurdle",1.35119546261234e-75,-3.210501,-1.001196,2.209305,0.654
"729","NEXN","hurdle",1.92470558713722e-46,-2.7207466,-0.7776948,1.9430518,0.653
"543","INAFM1","hurdle",8.95383574461905e-50,-2.2408873,-0.6616393,1.579248,0.652
"447","GJC1","hurdle",7.443999453242e-76,-3.1861721,-0.9185253,2.2676468,0.652
"438","GAS6","hurdle",1.5763985984053e-29,-1.778715,-0.454398,1.324317,0.652
"355","ENPEP","hurdle",3.53223490404417e-75,-3.1963004,-0.9284214,2.267879,0.652
"5","ABTB1","hurdle",4.55624497750582e-45,-2.2915926,-0.7439847,1.5476079,0.652
"347","EIF3L","hurdle",1.93358651083487e-22,-0.3144496,0.3394845,0.6539341,0.651
"339","EGFLAM","hurdle",5.59166830042387e-63,-3.0458949,-0.9574912,2.0884037,0.651
"100","ATF3","hurdle",1.23512261881115e-24,0.00966944,0.77988109,0.77021165,0.65
"825","PHLDB2","hurdle",2.31194714495106e-50,-2.7477635,-0.8746022,1.8731613,0.649
"65","AP2M1","hurdle",3.91478684306071e-26,-0.64360924,0.09080857,0.73441781,0.649
"1178","UACA","hurdle",1.1234480405451e-38,-1.8773745,-0.4307566,1.4466179,0.648
"1165","TSPAN3","hurdle",2.47532490246726e-33,-1.5845577,-0.3926968,1.1918609,0.648
"1119","THY1","hurdle",1.10039731645944e-41,-1.9985647,-0.1279713,1.8705934,0.648
"921","RBPMS2","hurdle",3.4646791351368e-78,-3.225352,-1.009871,2.215481,0.648
"804","PDK4","hurdle",3.84103480010747e-23,-0.6827284,0.2797284,0.9624568,0.648
"730","NFASC","hurdle",1.84007508687564e-62,-3.177435,-1.117241,2.060194,0.648
"421","FN1","hurdle",1.10829417683828e-35,-1.20822829,-0.06646519,1.1417631,0.648
"302","DCTN2","hurdle",8.7080967584248e-33,-1.3483427,-0.3160128,1.0323299,0.648
"108","AXL","hurdle",3.54352153250442e-43,-2.745958,-0.9096381,1.8363199,0.648
"1073","SSTR2","hurdle",3.83285895905295e-67,-2.9731615,-0.8888042,2.0843573,0.647
"692","MT1X","hurdle",1.61053085499038e-27,-0.7838401,0.3170302,1.1008703,0.647
"492","HEYL","hurdle",1.95227303064236e-59,-3.168161,-1.116653,2.051508,0.647
"313","DLC1","hurdle",7.47592876280173e-34,-2.1781181,-0.7328816,1.4452365,0.647
"293","CYR61","hurdle",1.14954466882935e-27,-0.7753532,0.1725492,0.9479024,0.647
"144","C1S","hurdle",2.41698164753895e-41,-1.588518,-0.182095,1.406423,0.647
"61","ANXA11","hurdle",3.96941904798951e-26,-0.898165,-0.06642898,0.83173602,0.646
"549","ISLR","hurdle",1.33925647492687e-37,-2.0815367,-0.7010678,1.3804689,0.645
"394","FBLIM1","hurdle",1.38296756211243e-41,-2.3168436,-0.7321299,1.5847137,0.645
"202","CD59","hurdle",1.06010105542077e-19,0.05274907,0.62688545,0.57413638,0.644
"1001","SERPINI1","hurdle",1.17261688624436e-47,-2.69328,-0.917734,1.775546,0.64
"964","RSU1","hurdle",8.8740629365202e-33,-1.6965806,-0.5416731,1.1549075,0.64
"107","AVPR1A","hurdle",4.97049332013003e-77,-3.261113,-1.069068,2.192045,0.64
"375","FADS3","hurdle",1.63491836900886e-51,-2.4684601,-0.7790405,1.6894196,0.639
"365","EPHX1","hurdle",7.0772873880191e-32,-1.2991806,-0.1947937,1.1043869,0.639
"126","BSG","hurdle",3.88219252753203e-18,-0.2839826,0.2967668,0.5807494,0.639
"744","NNMT","hurdle",5.71526970685607e-25,-0.8073077,0.1198843,0.927192,0.637
"304","DDR2","hurdle",9.3724656032619e-38,-2.664057,-1.006674,1.657383,0.637
"799","PDE5A","hurdle",3.63510297507233e-58,-3.073978,-1.101143,1.972835,0.636
"1004","SGCA","hurdle",3.72997090878141e-75,-3.292027,-1.125454,2.166573,0.635
"677","MPRIP","hurdle",6.24730882397366e-32,-2.1246008,-0.7669192,1.3576816,0.635
"1039","SMTN","hurdle",3.09213959291796e-38,-2.5340203,-0.9467221,1.5872982,0.634
"919","RBMS3","hurdle",1.04136730655414e-31,-2.3950369,-0.9288951,1.4661418,0.634
"907","RASD1","hurdle",1.07946653350633e-29,-1.29469856,-0.05774287,1.23695569,0.634
"412","FILIP1","hurdle",1.32806939314467e-40,-2.6732623,-0.9337366,1.7395257,0.634
"522","ID4","hurdle",4.05723716487882e-46,-2.6831366,-0.8522387,1.8308979,0.633
"185","CCDC107","hurdle",3.86043374273228e-31,-1.5825865,-0.4269472,1.1556393,0.633
"153","C9orf3","hurdle",1.81881294176152e-39,-2.3720385,-0.8150105,1.557028,0.633
"1170","TUBA1C","hurdle",1.44818787124334e-26,-1.0941469,-0.2031964,0.8909505,0.632
"1006","SGCE","hurdle",5.51528577685086e-32,-2.508792,-1.029953,1.478839,0.632
"88","ARID5B","hurdle",4.01390940839327e-28,-0.4699117,0.2193979,0.6893096,0.632
"908","RASGRP2","hurdle",3.53784791417579e-41,-2.770224,-1.09362,1.676604,0.631
"766","NUPR1","hurdle",3.77115897583568e-24,-0.4702881,0.1477108,0.6179989,0.631
"597","LEPROT","hurdle",2.69947324258503e-23,-0.88471034,-0.08980514,0.7949052,0.631
"585","KLHL23","hurdle",5.06918929833667e-51,-3.01148,-1.19029,1.82119,0.631
"68","APOE","hurdle",2.24528050483593e-33,-1.30104714,0.05088944,1.35193658,0.631
"668","MIR4435-2HG","hurdle",5.34621692706947e-38,-1.9668421,-0.5654542,1.4013879,0.63
"263","CPM","hurdle",1.99234799885622e-40,-2.5479929,-0.8567644,1.6912285,0.63
"1186","VAMP5","hurdle",6.47972620404145e-27,-1.1582505,-0.3042061,0.8540444,0.629
"723","NDUFB7","hurdle",1.26395565942063e-16,-0.3717981,0.2053479,0.577146,0.629
"648","MAPRE2","hurdle",1.24460070755183e-31,-2.1394729,-0.8234059,1.316067,0.629
"611","LINC01197","hurdle",4.12022563682092e-54,-3.181026,-1.278201,1.902825,0.629
"558","ITIH5","hurdle",1.37784546661633e-58,-2.9278028,-0.9583007,1.9695021,0.629
"399","FBXO32","hurdle",1.15021738946657e-26,-1.6095884,-0.4919735,1.1176149,0.629
"320","DST","hurdle",1.74507322983803e-23,-1.5108566,-0.5569666,0.95389,0.629
"1167","TTLL7","hurdle",2.82400126030361e-49,-3.011361,-1.264508,1.746853,0.628
"869","PRKG1","hurdle",1.4733150853736e-46,-3.050433,-1.18857,1.861863,0.628
"569","KCNE4","hurdle",1.41178901788021e-38,-2.5003757,-0.9002617,1.600114,0.628
"1171","TUBB","hurdle",4.71935020717883e-15,-0.07428239,0.43992719,0.51420958,0.627
"331","ECM2","hurdle",1.30866967595414e-33,-2.889085,-1.21601,1.673075,0.627
"294","CYSTM1","hurdle",1.03159888446709e-24,-0.81536085,-0.05359372,0.76176713,0.627
"1222","ZYX","hurdle",4.89770166674225e-20,-1.0697271,-0.2054428,0.8642843,0.626
"845","PLPP3","hurdle",1.99748798486961e-25,-1.861984,-0.63526,1.226724,0.626
"296","DAAM2","hurdle",3.4169987943759e-45,-3.120261,-1.322199,1.798062,0.626
"200","CD248","hurdle",2.09257412695148e-35,-2.720962,-1.021324,1.699638,0.626
"1029","SLCO3A1","hurdle",1.42335536159169e-29,-2.735797,-1.156964,1.578833,0.625
"699","MYADM","hurdle",4.15412874555865e-18,-0.5154071,0.1443778,0.6597849,0.625
"568","KCNAB1","hurdle",1.27391044576697e-65,-3.237671,-1.216495,2.021176,0.625
"72","ARHGAP1","hurdle",5.45918348971434e-37,-2.2396591,-0.8021968,1.4374623,0.625
"615","LMO4","hurdle",1.40609390677732e-26,-1.7935484,-0.6393521,1.1541963,0.624
"285","CTSL","hurdle",2.24644699892385e-23,-1.5436928,-0.5405158,1.003177,0.624
"401","FERMT2","hurdle",6.14245981717406e-26,-2.053517,-0.838437,1.21508,0.623
"878","PSIP1","hurdle",7.34248803612505e-23,-1.5498883,-0.5796234,0.9702649,0.622
"795","PDE1A","hurdle",2.39064524501191e-42,-3.137787,-1.342653,1.795134,0.621
"774","OPTN","hurdle",2.38386473746728e-24,-1.4886296,-0.5278279,0.9608017,0.621
"758","NRIP2","hurdle",1.16336026197431e-55,-3.286874,-1.367534,1.91934,0.621
"645","MAP7D3","hurdle",2.46347251512005e-31,-2.765545,-1.222233,1.543312,0.621
"102","ATP1B2","hurdle",1.40381088360924e-45,-3.168605,-1.323712,1.844893,0.621
"32","ADH5","hurdle",5.70006568240769e-24,-1.4989871,-0.5785454,0.9204417,0.621
"23","ADCY3","hurdle",7.51305391647407e-39,-2.906809,-1.217281,1.689528,0.621
"1209","YWHAQ","hurdle",7.12086094274921e-15,-0.2453351,0.2613082,0.5066433,0.62
"1063","SPECC1","hurdle",1.29297964199278e-46,-2.82241,-1.103181,1.719229,0.62
"727","NET1","hurdle",2.15127161373219e-33,-1.23014,-0.164005,1.066135,0.62
"582","KLF9","hurdle",1.06057611366623e-22,-1.3980549,-0.4605808,0.9374741,0.62
"491","HEY2","hurdle",1.05662240230123e-43,-3.115917,-1.350466,1.765451,0.62
"445","GGT5","hurdle",5.93856421512526e-36,-2.0425399,-0.5072327,1.5353072,0.62
"28","ADGRF5","hurdle",8.66399736554896e-27,-2.2899326,-0.9260783,1.3638543,0.62
"752","NR2F2-AS1","hurdle",1.10829207670121e-38,-3.015812,-1.27774,1.738072,0.619
"675","MOCS1","hurdle",7.30032134323637e-47,-3.086587,-1.250245,1.836342,0.619
"329","EBF2","hurdle",8.18821109943311e-52,-3.211025,-1.353232,1.857793,0.619
"22","ADAP2","hurdle",6.33668539870049e-28,-2.814761,-1.292705,1.522056,0.619
"1219","ZNF503","hurdle",5.82933814308968e-35,-2.442218,-1.019335,1.422883,0.618
"960","RRAD","hurdle",1.27324780997351e-42,-2.896748,-1.123052,1.773696,0.618
"771","OLFML2A","hurdle",9.42587105087877e-35,-2.802874,-1.154867,1.648007,0.618
"587","LAMA4","hurdle",1.41384504794975e-25,-2.316475,-0.929702,1.386773,0.618
"219","CFL2","hurdle",6.00417593460872e-29,-2.53047,-1.102874,1.427596,0.618
"520","ID1","hurdle",5.36882112473568e-19,-1.3096778,-0.3690397,0.9406381,0.617
"50","ANGPT1","hurdle",2.19527699312501e-57,-3.234163,-1.333328,1.900835,0.617
"978","SCPEP1","hurdle",3.81830126678083e-26,-1.5324688,-0.5787918,0.953677,0.616
"498","HNRNPH3","hurdle",1.25489604672709e-19,-0.9144184,-0.2322197,0.6821987,0.616
"1158","TRIP6","hurdle",1.64278738109173e-19,-1.9073056,-0.8912057,1.0160999,0.615
"1075","ST6GALNAC6","hurdle",4.41770131937174e-29,-2.456724,-1.077707,1.379017,0.615
"815","PGAM1","hurdle",2.29302433895973e-18,-0.7739999,-0.1777418,0.5962581,0.615
"1071","SSPN","hurdle",9.01526925875797e-22,-2.0234946,-0.9109743,1.1125203,0.614
"848","PLXDC1","hurdle",7.56126679154925e-37,-2.763195,-1.001663,1.761532,0.614
"775","OR51E1","hurdle",2.66188052533446e-54,-3.272216,-1.391568,1.880648,0.614
"463","GPR20","hurdle",8.25556143193795e-58,-3.295297,-1.478762,1.816535,0.614
"393","FAT1","hurdle",4.89010020892983e-37,-2.930202,-1.273087,1.657115,0.614
"306","DEK","hurdle",1.22109420077878e-18,-0.9760207,-0.2564657,0.719555,0.614
"70","APOLD1","hurdle",1.54732909023217e-19,-2.1031889,-0.8458146,1.2573743,0.614
"1138","TMEM47","hurdle",1.12027538438929e-29,-2.580472,-1.147661,1.432811,0.613
"754","NR4A1","hurdle",4.49245410902504e-13,-0.02341556,0.55785028,0.58126584,0.613
"698","MXRA8","hurdle",2.2770325479442e-24,-1.9052034,-0.8447543,1.0604491,0.613
"571","KCNMB1","hurdle",3.79377917005208e-41,-3.003509,-1.267169,1.73634,0.613
"1185","UTRN","hurdle",5.56500533010988e-19,-1.3643024,-0.5206381,0.8436643,0.612
"1037","SMIM3","hurdle",3.08576367971748e-28,-2.49833,-1.103089,1.395241,0.612
"275","CSPG4","hurdle",2.60525016842022e-52,-3.254583,-1.347541,1.907042,0.612
"184","CCDC102B","hurdle",6.92661451816165e-47,-3.070994,-1.245573,1.825421,0.612
"638","MAP1A","hurdle",1.39409512101179e-21,-2.657621,-1.236852,1.420769,0.611
"559","ITM2C","hurdle",6.58842649772387e-20,-1.9656414,-0.8971593,1.0684821,0.611
"820","PHB2","hurdle",1.294106716533e-18,-0.7924599,-0.1362537,0.6562062,0.61
"753","NR3C1","hurdle",6.5557288069022e-21,-1.0872446,-0.4281944,0.6590502,0.61
"678","MRFAP1","hurdle",5.55978469686803e-12,-0.6442974,-0.07493048,0.56936692,0.61
"526","IFI16","hurdle",9.13419316811345e-19,-0.69746627,-0.06715637,0.6303099,0.61
"379","FAM127A","hurdle",1.02842280551204e-16,-1.483541,-0.606214,0.877327,0.61
"227","CKB","hurdle",1.44547799933256e-40,-2.3241216,-0.8038919,1.5202297,0.61
"1094","SYTL2","hurdle",1.81459561857546e-22,-1.927569,-0.832477,1.095092,0.609
"883","PTGIR","hurdle",9.97643069870894e-41,-3.19715,-1.467849,1.729301,0.609
"590","LAMC1","hurdle",7.99625114246271e-22,-2.200448,-0.9579496,1.2424984,0.608
"254","COL5A2","hurdle",8.48323434954711e-35,-2.1114116,-0.9902503,1.1211613,0.608
"171","CAPZB","hurdle",2.48303644101407e-14,-0.52436119,0.01929422,0.54365541,0.608
"116","BCAM","hurdle",1.7462057486416e-16,-0.3162821,0.3703934,0.6866755,0.608
"927","RERG","hurdle",1.95112553636241e-21,-1.8626142,-0.8233115,1.0393027,0.607
"853","PMP22","hurdle",7.22179697045119e-18,-1.2919135,-0.4400151,0.8518984,0.607
"545","INPP4B","hurdle",2.64757337095271e-23,-1.8748001,-0.8263591,1.048441,0.607
"452","GNAI1","hurdle",4.32688632177465e-29,-2.881659,-1.409605,1.472054,0.607
"245","COBLL1","hurdle",6.56876112974674e-28,-2.337808,-1.077055,1.260753,0.607
"83","ARHGEF25","hurdle",1.05138783699972e-37,-3.053183,-1.450873,1.60231,0.607
"1204","XRCC6","hurdle",4.99070540889037e-13,-0.7678358,-0.1925698,0.575266,0.606
"1043","SNCG","hurdle",3.11838994787121e-19,-1.5585835,-0.4369735,1.12161,0.606
"887","PTN","hurdle",1.90450760203541e-28,-2.0721317,-0.9016173,1.1705144,0.606
"797","PDE3A","hurdle",2.10250680700391e-47,-3.259672,-1.529037,1.730635,0.606
"606","LINC00152","hurdle",3.84666407037189e-21,-1.3437103,-0.3846929,0.9590174,0.606
"1035","SMIM10","hurdle",2.87260399035865e-27,-2.803132,-1.41918,1.383952,0.605
"881","PTEN","hurdle",1.25615688267564e-25,-2.1775043,-0.9915393,1.185965,0.605
"288","CXCL12","hurdle",1.36586176904211e-22,-1.5490812,-0.4688305,1.0802507,0.605
"169","CAP1","hurdle",2.68080805077502e-16,-0.6663465,-0.1079779,0.5583686,0.605
"1088","SYDE1","hurdle",2.34974414558906e-30,-3.029319,-1.536259,1.49306,0.604
"962","RRAS","hurdle",5.54347365906647e-34,-2.374162,-1.045438,1.328724,0.604
"432","FXYD6","hurdle",2.47615162067873e-26,-2.745339,-1.228339,1.517,0.604
"924","RCSD1","hurdle",8.70761750096694e-20,-2.480239,-1.246889,1.23335,0.603
"189","CCDC80","hurdle",2.98588817273555e-35,-1.6448098,-0.9378964,0.7069134,0.603
"1099","TBC1D1","hurdle",2.88895248508787e-20,-2.427065,-1.265282,1.161783,0.602
"103","ATP2B4","hurdle",1.66289579100198e-18,-1.8881121,-0.9302074,0.9579047,0.602
"1172","TUBB6","hurdle",6.53522829910556e-17,-2.084417,-1.07404,1.010377,0.601
"955","RP11-834C11.4","hurdle",7.2196000704215e-30,-2.838747,-1.396686,1.442061,0.601
"898","RAB34","hurdle",6.76329767885178e-18,-1.797031,-0.86648,0.930551,0.601
"757","NRGN","hurdle",8.75720185039858e-38,-3.147227,-1.529481,1.617746,0.601
"441","GBP2","hurdle",3.0792487716389e-17,-1.4016136,-0.4548575,0.9467561,0.601
"35","ADRA2A","hurdle",1.89336949817493e-36,-3.000366,-1.430829,1.569537,0.601
"27","ADGRA2","hurdle",9.19076817302367e-26,-2.712749,-1.323938,1.388811,0.601
"1191","VDAC2","hurdle",7.75617717771764e-13,-0.6440192,-0.1167561,0.5272631,0.6
"1150","TNS2","hurdle",7.1143250455704e-22,-2.279618,-1.095729,1.183889,0.6
"1084","SUSD2","hurdle",2.27147299562618e-28,-2.568853,-1.168839,1.400014,0.6
"897","RAB31","hurdle",5.16441205290849e-16,-1.7823141,-0.9286634,0.8536507,0.599
"589","LAMB2","hurdle",8.30847174726958e-21,-1.812801,-0.7723793,1.0404217,0.599
"576","KIAA0040","hurdle",8.51447706638251e-17,-1.7013641,-0.7876559,0.9137082,0.599
"461","GPNMB","hurdle",5.92904479213926e-18,-2.146246,-1.066407,1.079839,0.599
"382","FAM13C","hurdle",1.97586969110816e-24,-2.752646,-1.347497,1.405149,0.599
"130","C10orf54","hurdle",5.94756845044459e-14,-1.6750215,-0.9361109,0.7389106,0.599
"673","MOB2","hurdle",1.55126459831522e-21,-1.8283081,-0.8500447,0.9782634,0.598
"562","JAK1","hurdle",9.74826783912091e-13,-0.696635,-0.1495161,0.5471189,0.598
"502","HOXB-AS1","hurdle",1.13842054377457e-22,-2.77244,-1.410688,1.361752,0.598
"255","COL5A3","hurdle",1.62201258185822e-30,-3.087989,-1.50703,1.580959,0.598
"146","C20orf27","hurdle",7.54952299414633e-35,-1.9282522,-0.7517439,1.1765083,0.598
"60","ANTXR1","hurdle",5.30449134984603e-18,-2.497053,-1.368894,1.128159,0.598
"734","NGF","hurdle",3.87014306083859e-43,-3.287182,-1.628236,1.658946,0.597
"682","MRPL32","hurdle",1.3086970902812e-19,-1.4090615,-0.6161162,0.7929453,0.597
"507","HRC","hurdle",1.70328372566017e-46,-3.265767,-1.612707,1.65306,0.597
"165","CAMK1","hurdle",7.14230730025831e-24,-2.555102,-1.318131,1.236971,0.597
"945","ROCK2","hurdle",2.66714557960602e-20,-2.140853,-1.064363,1.07649,0.596
"508","HRH2","hurdle",4.08751338195729e-43,-3.213908,-1.55977,1.654138,0.596
"989","SEPP1","hurdle",1.02460789939964e-12,-0.6767479,-0.1566185,0.5201294,0.595
"889","PTPRG","hurdle",6.40098534992356e-16,-2.550972,-1.418125,1.132847,0.595
"417","FKBP8","hurdle",2.00087210306373e-13,-0.9466912,-0.3625188,0.5841724,0.595
"115","BBX","hurdle",2.18292241528748e-15,-1.1099339,-0.4974082,0.6125257,0.595
"806","PDLIM2","hurdle",1.28549579017283e-23,-1.8886571,-0.9243355,0.9643216,0.594
"625","LTBP1","hurdle",4.29620461797156e-30,-2.756337,-1.282054,1.474283,0.594
"542","IMPDH2","hurdle",1.50396501901982e-09,-0.8108892,-0.2790942,0.531795,0.594
"1181","UBE2E2","hurdle",2.75473027245206e-18,-2.385038,-1.298046,1.086992,0.593
"301","DCN","hurdle",8.54785237118216e-33,-1.0977259,-0.5878908,0.5098351,0.593
"151","C6orf48","hurdle",5.06097843898059e-15,-1.0826191,-0.4277556,0.6548635,0.593
"1090","SYNE2","hurdle",6.00013127478597e-14,-1.0563099,-0.4366191,0.6196908,0.592
"1020","SLC38A11","hurdle",2.33938071114577e-43,-3.296473,-1.710262,1.586211,0.592
"936","RHOC","hurdle",2.865536851344e-15,-0.9026093,-0.2625022,0.6401071,0.592
"915","RBFOX2","hurdle",2.4462075319617e-19,-2.28632,-1.231864,1.054456,0.592
"879","PSMC3","hurdle",5.97625398595976e-15,-1.3563189,-0.6503116,0.7060073,0.592
"164","CALHM2","hurdle",1.19289452951159e-22,-2.396042,-1.211459,1.184583,0.592
"139","C1orf54","hurdle",1.2535791510452e-15,-2.297048,-1.24966,1.047388,0.592
"738","NID1","hurdle",1.1712030487957e-20,-2.479324,-1.178416,1.300908,0.591
"736","NGFRAP1","hurdle",1.03572202275999e-11,-1.0460618,-0.4450783,0.6009835,0.591
"669","MIR497HG","hurdle",1.15220378288743e-21,-3.013118,-1.720437,1.292681,0.591
"470","GRK5","hurdle",2.61948460756703e-25,-2.904236,-1.55999,1.344246,0.591
"99","ASPN","hurdle",1.20183511529228e-22,-2.399139,-1.080089,1.31905,0.591
"810","PEAK1","hurdle",1.39792729265543e-18,-2.604841,-1.378391,1.22645,0.59
"707","MYLIP","hurdle",4.52771030027155e-15,-1.1996483,-0.5072474,0.6924009,0.59
"303","DCTN3","hurdle",5.06072962121245e-14,-1.0604629,-0.4618867,0.5985762,0.59
"166","CAMK2G","hurdle",3.00835393496206e-23,-2.280908,-1.180059,1.100849,0.59
"1057","SORT1","hurdle",8.46189185678169e-32,-2.595956,-1.300989,1.294967,0.589
"336","EFEMP2","hurdle",6.13938798505259e-18,-2.283395,-1.243842,1.039553,0.589
"43","AK1","hurdle",1.45949918852883e-18,-1.7726308,-0.8949121,0.8777187,0.589
"640","MAP1LC3A","hurdle",1.35971929847282e-18,-1.4064646,-0.5817039,0.8247607,0.588
"622","LRRC32","hurdle",5.77065633187069e-14,-2.484978,-1.384842,1.100136,0.588
"513","HSPB2","hurdle",5.8740465718731e-36,-3.266786,-1.816365,1.450421,0.588
"334","EDNRB","hurdle",3.24659981757e-21,-2.869175,-1.567647,1.301528,0.588
"1074","ST5","hurdle",4.5226454483151e-17,-2.565675,-1.392675,1.173,0.587
"338","EGFL6","hurdle",2.60602799997606e-39,-3.207839,-1.489503,1.718336,0.587
"316","DMD","hurdle",1.16636875707945e-26,-2.955039,-1.53731,1.417729,0.587
"258","COPS6","hurdle",3.99468915534481e-11,-1.0319224,-0.4726541,0.5592683,0.587
"141","C1QTNF2","hurdle",3.18809302685885e-35,-3.203961,-1.653997,1.549964,0.587
"901","RAD23A","hurdle",4.14461040659017e-12,-0.7857856,-0.2759499,0.5098357,0.586
"854","PNMA1","hurdle",4.1058885360038e-21,-2.447116,-1.285296,1.16182,0.586
"626","LURAP1L","hurdle",2.19084998937944e-18,-2.167022,-1.155245,1.011777,0.586
"1203","WTIP","hurdle",7.87172306919765e-27,-3.095848,-1.708274,1.387574,0.585
"1195","WASF2","hurdle",3.77946358812548e-10,-0.8522305,-0.3187808,0.5334497,0.585
"1146","TNFRSF1A","hurdle",1.14132441963066e-11,-1.1634076,-0.5278491,0.6355585,0.585
"972","SARS","hurdle",2.92472977107983e-14,-1.5228639,-0.8124067,0.7104572,0.585
"510","HSDL2","hurdle",2.47444545102136e-23,-2.100384,-1.07688,1.023504,0.585
"425","FRMD3","hurdle",3.61850406585436e-27,-2.976022,-1.541514,1.434508,0.585
"1161","TRPC6","hurdle",7.95779108585292e-26,-3.262795,-1.83315,1.429645,0.584
"970","S1PR3","hurdle",7.68988250548253e-26,-2.895362,-1.547599,1.347763,0.584
"942","RNF152","hurdle",4.99512429178077e-23,-2.918218,-1.621559,1.296659,0.584
"786","PAWR","hurdle",1.28750200508878e-20,-2.118979,-1.118606,1.000373,0.584
"657","MEIS2","hurdle",1.71092096947737e-16,-2.728449,-1.540435,1.188014,0.584
"633","MAFB","hurdle",8.12830170173508e-13,-1.2297672,-0.5591756,0.6705916,0.584
"567","KCNA5","hurdle",7.9377388218381e-39,-3.30682,-1.825244,1.481576,0.584
"266","CRIM1","hurdle",1.32728559492736e-21,-1.9299356,-0.9267704,1.0031652,0.584
"196","CCL8","hurdle",1.17286772047193e-35,-3.072441,-1.260557,1.811884,0.584
"87","ARID5A","hurdle",1.89946430031618e-10,-1.51955,-0.817481,0.702069,0.584
"1210","ZBTB16","hurdle",2.5038202100572e-13,-2.213664,-1.277713,0.935951,0.583
"1045","SNRK","hurdle",7.08178911189877e-14,-2.072154,-1.214096,0.858058,0.583
"1041","SNAI2","hurdle",3.62485281071323e-21,-2.868486,-1.585696,1.28279,0.583
"926","REM1","hurdle",9.23365754162977e-37,-3.255939,-1.741732,1.514207,0.583
"516","HSPB8","hurdle",2.54898830559952e-19,-2.265344,-1.247184,1.01816,0.583
"353","ENDOD1","hurdle",4.3344865351836e-19,-2.402869,-1.364917,1.037952,0.583
"213","CDKN2C","hurdle",6.81489096110704e-19,-2.781857,-1.617152,1.164705,0.583
"170","CAP2","hurdle",7.88893174715259e-28,-2.644663,-1.380516,1.264147,0.583
"137","C1orf123","hurdle",2.63371293121197e-13,-1.744703,-0.9446729,0.8000301,0.583
"133","C12orf75","hurdle",5.50412955527766e-31,-1.8386402,-0.5604047,1.2782355,0.583
"1208","YWHAH","hurdle",1.70829685221326e-10,-0.9655363,-0.4348505,0.5306858,0.582
"965","RUNX1T1","hurdle",4.57751267165703e-14,-2.649245,-1.528104,1.121141,0.582
"838","PLEKHA4","hurdle",2.72239584864513e-19,-2.800886,-1.626524,1.174362,0.582
"742","NMD3","hurdle",5.93636282579312e-16,-2.026871,-1.132274,0.894597,0.582
"710","MYO1C","hurdle",8.49004038437898e-16,-1.65556,-0.8698343,0.7857257,0.582
"584","KLHDC8B","hurdle",3.29817996095234e-23,-2.656371,-1.448848,1.207523,0.582
"324","DTX3","hurdle",2.96092147755849e-20,-2.585202,-1.392607,1.192595,0.582
"85","ARHGEF7","hurdle",1.07482429305798e-15,-2.383372,-1.297166,1.086206,0.582
"26","ADD1","hurdle",6.19222470872901e-12,-1.768555,-1.010462,0.758093,0.582
"1131","TMEM173","hurdle",4.92408715516319e-11,-1.6152752,-0.9258698,0.6894054,0.581
"1129","TMEM109","hurdle",2.75945989151423e-13,-1.317277,-0.6578029,0.6594741,0.581
"1032","SMARCB1","hurdle",1.99501543083515e-16,-1.6710203,-0.8724282,0.7985921,0.581
"867","PRELP","hurdle",4.67378907805199e-20,-2.584438,-1.412581,1.171857,0.581
"793","PCSK7","hurdle",3.41048616186293e-12,-1.8478688,-0.9959885,0.8518803,0.581
"509","HSD17B11","hurdle",1.53224324909522e-10,-1.5661872,-0.8971784,0.6690088,0.581
"500","HOPX","hurdle",2.17693959072634e-15,-1.857102,-0.9107229,0.9463791,0.581
"464","GPR4","hurdle",4.99233697147747e-18,-2.833619,-1.61053,1.223089,0.581
"194","CCL21","hurdle",3.29063742535927e-32,-2.894754,-0.961935,1.932819,0.581
"119","BCL6","hurdle",2.54594533164792e-19,-2.660207,-1.466394,1.193813,0.581
"59","ANO1","hurdle",9.95753282580002e-18,-2.376998,-1.276654,1.100344,0.581
"1197","WBP5","hurdle",1.88473160680294e-13,-1.7051277,-0.8765267,0.828601,0.58
"986","SEMA5A","hurdle",9.3861768620457e-22,-2.992747,-1.679776,1.312971,0.58
"400","FBXW5","hurdle",2.15931456660446e-15,-1.718062,-0.960176,0.757886,0.58
"226","CHURC1","hurdle",3.79715853688183e-12,-1.2483054,-0.6241886,0.6241168,0.58
"1010","SH3KBP1","hurdle",5.48752500230791e-09,-1.877594,-1.191731,0.685863,0.579
"851","PMEPA1","hurdle",1.05082573661716e-15,-1.6016143,-0.8033774,0.7982369,0.579
"644","MAP4","hurdle",1.19341358578628e-12,-1.4564171,-0.7571728,0.6992443,0.579
"402","FEZ1","hurdle",2.79693499027075e-24,-3.017483,-1.765823,1.25166,0.579
"281","CTD-3193K9.4","hurdle",9.9534828678376e-25,-3.188211,-1.865099,1.323112,0.579
"198","CCT7","hurdle",3.06711974181621e-10,-1.0890626,-0.5462557,0.5428069,0.579
"90","ARL3","hurdle",1.26312053794751e-15,-1.6637378,-0.9246271,0.7391107,0.579
"1122","TIMP2","hurdle",3.23471944518049e-13,-1.6218636,-0.9187131,0.7031505,0.578
"918","RBMS1","hurdle",6.93724517159436e-11,-1.3973022,-0.7546014,0.6427008,0.578
"482","HACD1","hurdle",2.49825383996785e-26,-3.060641,-1.633471,1.42717,0.578
"350","EMILIN1","hurdle",1.14605531441327e-14,-2.665018,-1.677715,0.987303,0.578
"33","ADI1","hurdle",9.13693273147972e-12,-1.3551917,-0.6806868,0.6745049,0.578
"1137","TMEM38B","hurdle",4.36860259046309e-25,-2.762857,-1.539735,1.223122,0.577
"949","RP11-394O4.5","hurdle",1.13325459792554e-25,-3.252804,-1.756006,1.496798,0.577
"731","NFATC4","hurdle",1.24040863416125e-15,-2.678196,-1.586191,1.092005,0.577
"527","IFI27L2","hurdle",2.83656297332393e-14,-1.6558394,-0.8809531,0.7748863,0.577
"483","HAPLN3","hurdle",3.3539195834377e-08,-2.329605,-1.406529,0.923076,0.577
"332","EDIL3","hurdle",2.8620529677021e-14,-2.979758,-1.773672,1.206086,0.577
"273","CSF1","hurdle",5.80615253633357e-14,-2.600128,-1.466961,1.133167,0.577
"2","A4GALT","hurdle",2.3975242351889e-16,-2.51362,-1.504089,1.009531,0.577
"1112","TEX41","hurdle",3.80245569631188e-32,-3.243067,-1.773313,1.469754,0.576
"974","SBSPON","hurdle",1.06754149310051e-25,-2.916108,-1.546091,1.370017,0.576
"837","PLCE1","hurdle",2.25618031107373e-24,-2.996406,-1.712311,1.284095,0.576
"594","LDB3","hurdle",1.68841809535559e-32,-3.291972,-1.854181,1.437791,0.576
"396","FBXL13","hurdle",9.2576403393978e-30,-3.240812,-1.788136,1.452676,0.576
"351","EMX2","hurdle",8.10265324137456e-35,-3.251374,-1.899464,1.35191,0.576
"207","CDC42EP1","hurdle",2.74364718761077e-11,-1.7405166,-0.9893705,0.7511461,0.576
"1205","YAP1","hurdle",1.78973452160519e-14,-2.4231,-1.429144,0.993956,0.575
"604","LIMS2","hurdle",5.97628454027191e-12,-2.072952,-1.29881,0.774142,0.575
"548","ISG15","hurdle",2.06545065021236e-10,-0.7087972,-0.1729446,0.5358526,0.575
"409","FHL3","hurdle",1.00617689763658e-13,-2.567631,-1.54558,1.022051,0.575
"1089","SYNE1","hurdle",1.09670597019041e-12,-2.25436,-1.333711,0.920649,0.574
"906","RASAL2","hurdle",1.85353623867721e-16,-2.313823,-1.293037,1.020786,0.574
"529","IFIT3","hurdle",3.70528519832624e-10,-2.149685,-1.248291,0.901394,0.574
"519","HYI","hurdle",6.54899207402429e-13,-1.79625,-1.030744,0.765506,0.574
"385","FAM207A","hurdle",3.54460974934576e-21,-2.223806,-1.232545,0.991261,0.574
"380","FAM127B","hurdle",6.36641311766653e-14,-1.5051981,-0.8268305,0.6783676,0.574
"229","CLIC4","hurdle",1.32078579200954e-11,-1.767742,-1.033057,0.734685,0.574
"760","NT5C3B","hurdle",7.27354620958365e-19,-1.911489,-1.046463,0.865026,0.573
"632","MAF1","hurdle",9.35282268546073e-12,-1.2289662,-0.6507987,0.5781675,0.573
"360","EPB41L2","hurdle",5.74521493867516e-14,-2.403797,-1.437868,0.965929,0.573
"158","CACNA1C","hurdle",2.95479864290281e-20,-3.148053,-1.974516,1.173537,0.573
"17","ADAMTS10","hurdle",3.52317033535654e-26,-3.161403,-1.857719,1.303684,0.573
"1148","TNFSF12","hurdle",3.76654372223612e-15,-2.605529,-1.5991,1.006429,0.572
"1141","TMEM74B","hurdle",7.50856560671202e-25,-3.288096,-1.99978,1.288316,0.572
"1069","SRPX","hurdle",2.22059097346242e-15,-2.443511,-1.489957,0.953554,0.572
"987","SEMA5B","hurdle",8.35027599842586e-24,-3.291603,-2.043779,1.247824,0.572
"903","RAP2A","hurdle",6.48797257619802e-13,-2.771821,-1.695594,1.076227,0.572
"880","PSMF1","hurdle",1.73081499942622e-10,-1.402355,-0.812251,0.590104,0.572
"745","NOL3","hurdle",4.04253925526461e-17,-2.518983,-1.525258,0.993725,0.572
"488","HES1","hurdle",5.41835923192699e-09,-0.8328942,-0.2528589,0.5800353,0.572
"435","GADD45A","hurdle",2.57112243284847e-09,-1.6496,-0.9405829,0.7090171,0.572
"389","FAM46A","hurdle",5.90718492981083e-11,-2.099225,-1.240515,0.85871,0.572
"297","DACT3","hurdle",7.3861739469619e-27,-3.204256,-1.829255,1.375001,0.572
"1180","UBE2E1","hurdle",9.7473907693102e-15,-1.826879,-1.056386,0.770493,0.571
"1005","SGCB","hurdle",3.95599135781957e-10,-2.560388,-1.619181,0.941207,0.571
"923","RCN3","hurdle",6.88414045382805e-11,-2.577217,-1.667442,0.909775,0.571
"813","PELO","hurdle",2.01207247240939e-14,-2.501697,-1.476799,1.024898,0.571
"719","NCKAP5","hurdle",4.28008056497989e-24,-3.0274,-1.801228,1.226172,0.571
"600","LGALSL","hurdle",2.49308220297733e-17,-2.914518,-1.770332,1.144186,0.571
"476","GUCY1A2","hurdle",2.28846651528941e-15,-2.732561,-1.604372,1.128189,0.571
"419","FMO2","hurdle",1.47407414254226e-15,-2.742598,-1.478403,1.264195,0.571
"175","CAT","hurdle",5.27279632546658e-11,-1.6649376,-0.9945215,0.6704161,0.571
"159","CACNA1H","hurdle",1.44462001762024e-23,-3.102515,-1.871106,1.231409,0.571
"123","BMP1","hurdle",7.82605741320343e-14,-2.790031,-1.663414,1.126617,0.571
"57","ANKRD10","hurdle",4.76587904714194e-11,-1.2490047,-0.6107476,0.6382571,0.571
"40","AIG1","hurdle",5.63084080961028e-13,-1.682804,-0.981632,0.701172,0.571
"1026","SLC7A2","hurdle",2.26597493351646e-18,-2.674576,-1.541459,1.133117,0.57
"938","RNASEH2C","hurdle",5.66794477603468e-12,-1.2719244,-0.6811083,0.5908161,0.57
"937","RHOQ","hurdle",5.02651541732353e-15,-2.523739,-1.560802,0.962937,0.57
"932","RGMA","hurdle",1.89985822006548e-18,-2.973549,-1.827264,1.146285,0.57
"917","RBM42","hurdle",9.33152135124874e-10,-1.4949867,-0.8848046,0.6101821,0.57
"900","RABGAP1","hurdle",1.71888180530779e-10,-2.404895,-1.464038,0.940857,0.57
"857","POPDC2","hurdle",7.76928119590604e-19,-3.189199,-1.979585,1.209614,0.57
"776","OSBPL9","hurdle",9.7252983863526e-10,-2.051306,-1.246399,0.804907,0.57
"770","OLFML1","hurdle",1.74553889675822e-17,-3.054559,-1.879187,1.175372,0.57
"523","IDH3G","hurdle",2.98658451006962e-13,-1.6697076,-0.9469316,0.722776,0.57
"197","CCR10","hurdle",7.29567685463207e-16,-3.142517,-1.924289,1.218228,0.57
"156","CABP1","hurdle",8.20145719117585e-25,-3.238688,-2.047669,1.191019,0.57
"74","ARHGAP15","hurdle",3.41041156436506e-12,-1.92895,-1.273649,0.655301,0.57
"824","PHLDB1","hurdle",1.89265701560761e-09,-2.429095,-1.502306,0.926789,0.569
"490","HEXIM1","hurdle",1.58176282059456e-10,-1.2425557,-0.6146955,0.6278602,0.569
"462","GPR176","hurdle",7.028977532927e-18,-3.224606,-2.090019,1.134587,0.569
"426","FRMD4A","hurdle",5.67576229748137e-15,-2.399348,-1.426088,0.97326,0.569
"371","F10","hurdle",3.33675586617592e-23,-3.123015,-1.873291,1.249724,0.569
"317","DMPK","hurdle",2.28596900492995e-13,-2.810376,-1.790041,1.020335,0.569
"262","CPED1","hurdle",3.07551973900354e-19,-2.952345,-1.775409,1.176936,0.569
"192","CCL19","hurdle",3.57930608183568e-27,-2.6585135,-0.6059809,2.0525326,0.569
"1144","TNC","hurdle",4.39841634884879e-16,-2.794897,-1.522242,1.272655,0.568
"1054","SORBS1","hurdle",1.1859482343816e-21,-2.883328,-1.662971,1.220357,0.568
"980","SDHA","hurdle",7.28512810934678e-12,-1.763638,-1.097288,0.66635,0.568
"802","PDHB","hurdle",1.04905595883456e-16,-1.861782,-1.173578,0.688204,0.568
"234","CLTB","hurdle",2.11890984856648e-09,-1.0903739,-0.5824109,0.507963,0.568
"109","B3GNT2","hurdle",1.24552190719705e-10,-1.820144,-1.046809,0.773335,0.568
"80","ARHGAP6","hurdle",1.07672436142742e-15,-2.953174,-1.895002,1.058172,0.568
"1218","ZNF22","hurdle",7.65187884808311e-10,-1.783856,-1.087032,0.696824,0.567
"1177","TWSG1","hurdle",2.6557191996955e-13,-2.494681,-1.53085,0.963831,0.567
"991","SEPT11","hurdle",1.06397971279752e-11,-1.664039,-1.009733,0.654306,0.567
"836","PLAU","hurdle",8.58687109446504e-09,-2.487642,-1.654824,0.832818,0.567
"578","KIRREL","hurdle",3.63191948331964e-17,-3.178651,-2.02416,1.154491,0.567
"563","JAM3","hurdle",3.78602072144859e-08,-2.892716,-1.963066,0.92965,0.567
"180","CBR1","hurdle",3.7204037426116e-12,-1.96473,-1.25053,0.7142,0.567
"1070","SSBP2","hurdle",7.56671459307348e-11,-1.854698,-1.152181,0.702517,0.566
"914","RBBP7","hurdle",1.20891978713957e-10,-1.4482302,-0.8416513,0.6065789,0.566
"893","R3HCC1","hurdle",2.36951039283193e-12,-2.318349,-1.470541,0.847808,0.566
"749","NR1H2","hurdle",3.28063763797563e-11,-1.694249,-1.00439,0.689859,0.566
"613","LINGO1","hurdle",4.0193118189562e-20,-3.23684,-2.091997,1.144843,0.566
"437","GALNT16","hurdle",6.42930834557208e-19,-3.081504,-1.878344,1.20316,0.566
"274","CSNK1E","hurdle",5.5658603505355e-12,-1.836253,-1.119262,0.716991,0.566
"1140","TMEM55A","hurdle",2.02758473084005e-14,-2.593445,-1.63682,0.956625,0.565
"997","SERPINB6","hurdle",2.286001520638e-09,-1.4064192,-0.8649879,0.5414313,0.565
"995","SEPT8","hurdle",3.08603686580275e-16,-2.527627,-1.536593,0.991034,0.565
"961","RRAGA","hurdle",1.7270421014272e-08,-1.5198348,-0.9313483,0.5884865,0.565
"957","RP11-983P16.4","hurdle",7.19944214631626e-20,-2.501839,-1.485253,1.016586,0.565
"674","MOB3B","hurdle",1.25754736947715e-11,-2.86645,-1.893147,0.973303,0.565
"614","LIX1L","hurdle",4.06719367889975e-08,-2.444732,-1.652633,0.792099,0.565
"469","GRIP2","hurdle",1.34739271463834e-25,-3.269297,-2.028357,1.24094,0.565
"105","ATP6V1E1","hurdle",1.82679886311966e-08,-1.4906574,-0.9234647,0.5671927,0.565
"75","ARHGAP17","hurdle",1.89885127442314e-10,-2.388057,-1.538704,0.849353,0.565
"53","ANGPTL1","hurdle",1.26711379783684e-26,-3.116309,-1.716168,1.400141,0.565
"1221","ZNF703","hurdle",5.50081703635101e-07,-1.686495,-1.077126,0.609369,0.564
"1188","VASP","hurdle",1.4860764597654e-10,-1.4467192,-0.8708643,0.5758549,0.564
"1064","SPEG","hurdle",8.34078766513969e-24,-3.131938,-1.932109,1.199829,0.564
"1017","SLC25A4","hurdle",1.62075795812907e-14,-1.785926,-1.015905,0.770021,0.564
"871","PROCR","hurdle",5.50145715851867e-14,-2.549217,-1.49171,1.057507,0.564
"517","HTR1F","hurdle",1.3839847792597e-21,-3.299628,-2.148981,1.150647,0.564
"305","DEGS1","hurdle",4.97440293012748e-10,-1.5729298,-0.9282491,0.6446807,0.564
"215","CEBPB","hurdle",6.47153523031318e-11,-1.1056839,-0.4912078,0.6144761,0.564
"145","C2","hurdle",3.66008659716992e-13,-2.915329,-1.93846,0.976869,0.564
"41","AIP","hurdle",1.39176887694518e-09,-1.531098,-0.940933,0.590165,0.564
"37","AFAP1L2","hurdle",3.38849886238263e-14,-2.91939,-1.851747,1.067643,0.564
"1076","STAT6","hurdle",6.79107670211412e-09,-2.26827,-1.544876,0.723394,0.563
"1050","SNX7","hurdle",5.96929729801003e-14,-2.67242,-1.757846,0.914574,0.563
"1044","SNHG18","hurdle",2.4519626948346e-11,-2.858554,-1.910701,0.947853,0.563
"1033","SMARCD3","hurdle",2.59665461864341e-14,-2.749848,-1.792545,0.957303,0.563
"555","ITGB1BP1","hurdle",3.52243631815332e-10,-1.584523,-0.9762531,0.6082699,0.563
"503","HOXC6","hurdle",1.71547621715205e-11,-2.899051,-1.909493,0.989558,0.563
"455","GNG12","hurdle",2.72294421056007e-12,-2.012999,-1.289092,0.723907,0.563
"128","BTG3","hurdle",1.61227901799127e-06,-1.719556,-1.213176,0.50638,0.563
"78","ARHGAP42","hurdle",1.44661778160845e-17,-3.139961,-2.054255,1.085706,0.563
"1213","ZEB1","hurdle",1.49943494719783e-06,-2.002355,-1.38893,0.613425,0.562
"456","GOLIM4","hurdle",4.37795309223184e-08,-2.197861,-1.4417,0.756161,0.562
"422","FOXC2","hurdle",2.79710706569261e-22,-3.266247,-2.118031,1.148216,0.562
"392","FAS","hurdle",4.78288419424988e-11,-2.350634,-1.747918,0.602716,0.562
"348","ELN","hurdle",2.50755887342714e-10,-2.165481,-1.272875,0.892606,0.562
"190","CCDC82","hurdle",1.85432156337514e-08,-2.438443,-1.676706,0.761737,0.562
"1202","WNT6","hurdle",2.44944751461682e-24,-3.239987,-2.038434,1.201553,0.561
"1085","SUSD5","hurdle",4.08671929231744e-28,-3.301632,-2.081907,1.219725,0.561
"847","PLTP","hurdle",1.85431168408525e-11,-2.14697,-1.485621,0.661349,0.561
"794","PCYOX1","hurdle",4.61781231768135e-15,-2.023401,-1.218833,0.804568,0.561
"671","MMP11","hurdle",2.55123812256931e-11,-2.549955,-1.918625,0.63133,0.561
"629","LZTS1","hurdle",9.75940680405591e-14,-3.193046,-2.098262,1.094784,0.561
"572","KCNS3","hurdle",1.06176565031633e-13,-2.718331,-1.817902,0.900429,0.561
"243","CNRIP1","hurdle",5.70962968744271e-08,-2.498747,-1.703471,0.795276,0.561
"10","ACAT1","hurdle",2.08851047303778e-12,-2.001667,-1.256262,0.745405,0.561
"1133","TMEM176B","hurdle",3.34080354197725e-11,-1.7394626,-0.8771996,0.862263,0.56
"1024","SLC43A3","hurdle",2.49634810401709e-09,-2.435664,-1.604233,0.831431,0.56
"982","SELENBP1","hurdle",1.25793738381147e-07,-1.3760952,-0.8567869,0.5193083,0.56
"968","S100A3","hurdle",3.6570730452655e-19,-3.162645,-2.177082,0.985563,0.56
"874","PRR16","hurdle",5.76794098381666e-15,-3.168697,-2.078616,1.090081,0.56
"672","MMP14","hurdle",2.69871629507277e-07,-2.168102,-1.563638,0.604464,0.56
"524","IER5L","hurdle",1.95622536101562e-12,-2.358499,-1.408824,0.949675,0.56
"415","FKBP10","hurdle",1.87918035572374e-10,-1.964122,-1.248296,0.715826,0.56
"357","ENTPD3","hurdle",4.80181269542853e-25,-3.205864,-1.990352,1.215512,0.56
"44","AK3","hurdle",3.98995327740143e-10,-1.59126,-1.03353,0.55773,0.56
"1211","ZBTB20","hurdle",6.54273383328969e-07,-1.56435,-1.015344,0.549006,0.559
"1135","TMEM204","hurdle",1.05989641948092e-05,-2.162793,-1.499685,0.663108,0.559
"1030","SLFN11","hurdle",1.19545856091356e-09,-2.692967,-1.866804,0.826163,0.559
"981","SDHD","hurdle",9.83896180424536e-10,-1.680967,-1.068711,0.612256,0.559
"956","RP11-91J3.3","hurdle",1.12929351869237e-29,-3.306757,-2.132149,1.174608,0.559
"726","NES","hurdle",2.43096310513522e-07,-2.427463,-1.676779,0.750684,0.559
"602","LGMN","hurdle",2.18175740160722e-11,-1.77848,-1.093964,0.684516,0.559
"588","LAMA5","hurdle",1.35240648129021e-09,-2.322756,-1.459984,0.862772,0.559
"486","HDDC2","hurdle",3.06430967583169e-09,-1.683499,-1.071793,0.611706,0.559
"440","GBP1","hurdle",3.34440500412604e-09,-1.953888,-1.189587,0.764301,0.559
"429","FSTL1","hurdle",2.27948316357424e-07,-1.845849,-1.219533,0.626316,0.559
"3","AAED1","hurdle",2.61621520294794e-07,-2.406566,-1.631023,0.775543,0.559
"1182","UNC45A","hurdle",4.19801054064063e-10,-2.295305,-1.544113,0.751192,0.558
"1132","TMEM176A","hurdle",7.74968077309082e-12,-1.8592523,-0.9425706,0.9166817,0.558
"1091","SYNM","hurdle",1.0523287243093e-13,-2.619784,-1.768136,0.851648,0.558
"1046","SNTA1","hurdle",2.08137030985608e-19,-3.041624,-1.983273,1.058351,0.558
"450","GLIPR2","hurdle",0.000263100408061712,-2.218715,-1.595641,0.623074,0.558
"448","GLDN","hurdle",5.32364234164431e-23,-3.219155,-2.056755,1.1624,0.558
"430","FSTL3","hurdle",7.90737277595812e-12,-2.700564,-1.690026,1.010538,0.558
"264","CPQ","hurdle",6.2030442284145e-10,-2.114683,-1.383842,0.730841,0.558
"206","CDC42BPA","hurdle",2.1667111497915e-11,-2.345458,-1.49995,0.845508,0.558
"1007","SGIP1","hurdle",4.06013678279752e-10,-3.05149,-2.105569,0.945921,0.557
"733","NFU1","hurdle",5.46544762344436e-13,-1.926911,-1.21205,0.714861,0.557
"714","NAB1","hurdle",9.86761880003379e-10,-2.663699,-1.835208,0.828491,0.557
"659","MFAP4","hurdle",1.72245330648304e-13,-2.038038,-1.183334,0.854704,0.557
"617","LOXL2","hurdle",9.67850120366657e-08,-2.720757,-1.867065,0.853692,0.557
"457","GPAT2","hurdle",1.19448364992163e-15,-3.080705,-2.019306,1.061399,0.557
"443","GDI1","hurdle",1.94146724657295e-10,-1.647486,-1.000975,0.646511,0.557
"335","EEA1","hurdle",3.37326352209379e-10,-1.70956,-1.080523,0.629037,0.557
"178","CBFA2T3","hurdle",4.67745375330236e-17,-3.07134,-2.0021,1.06924,0.557
"160","CACNA2D1","hurdle",4.66299420995189e-15,-3.065908,-2.057073,1.008835,0.557
"1118","THRA","hurdle",1.93178779331545e-17,-2.524189,-1.553226,0.970963,0.556
"948","RP11-175K6.1","hurdle",1.89743636019986e-16,-3.136219,-2.09658,1.039639,0.556
"840","PLEKHG2","hurdle",4.37192302671766e-09,-2.650808,-1.85829,0.792518,0.556
"832","PIP5K1B","hurdle",1.93530372952892e-20,-3.112926,-1.937026,1.1759,0.556
"829","PICALM","hurdle",4.10110754425181e-08,-1.872089,-1.201145,0.670944,0.556
"777","OSMR","hurdle",6.20295206190573e-10,-2.506389,-1.621382,0.885007,0.556
"724","NDUFB8","hurdle",8.67615956522327e-07,-1.3863149,-0.8806504,0.5056645,0.556
"696","MX2","hurdle",3.10328400462452e-06,-2.297539,-1.66499,0.632549,0.556
"667","MIR22HG","hurdle",4.87719523946622e-10,-1.965565,-1.288723,0.676842,0.556
"664","MICAL1","hurdle",1.16238744728558e-12,-2.773234,-1.860422,0.912812,0.556
"628","LYSMD2","hurdle",2.08908606405615e-11,-2.167276,-1.384686,0.78259,0.556
"556","ITGB5","hurdle",1.27988831034895e-06,-2.254406,-1.548626,0.70578,0.556
"467","GRHPR","hurdle",3.00225062507355e-10,-1.5633868,-0.9848206,0.5785662,0.556
"349","EMC2","hurdle",2.01866586457195e-11,-1.85607,-1.170172,0.685898,0.556
"325","DYNC1LI2","hurdle",2.17853560083743e-09,-1.5174136,-0.9318762,0.5855374,0.556
"212","CDKN1C","hurdle",2.28021502998481e-06,-2.173395,-1.509059,0.664336,0.556
"1155","TRAPPC2L","hurdle",2.01183186540528e-09,-1.3510679,-0.8476331,0.5034348,0.555
"1065","SPG20","hurdle",2.45430045234045e-12,-2.273867,-1.512245,0.761622,0.555
"940","RNF146","hurdle",1.21176033872853e-14,-2.208941,-1.4554,0.753541,0.555
"939","RND3","hurdle",6.46313808867756e-09,-2.172695,-1.449813,0.722882,0.555
"870","PRKRA","hurdle",1.26632398706823e-08,-1.745121,-1.14636,0.598761,0.555
"761","NT5DC2","hurdle",1.52519721417401e-11,-2.404427,-1.566579,0.837848,0.555
"553","ITGA8","hurdle",2.48228201978782e-27,-3.223315,-2.039528,1.183787,0.555
"1194","VSTM4","hurdle",2.95609784660552e-14,-2.982862,-2.132021,0.850841,0.554
"993","SEPT5","hurdle",5.74437343058673e-22,-3.045964,-1.84897,1.196994,0.554
"977","SCN4B","hurdle",4.51565155629944e-24,-3.266512,-2.056669,1.209843,0.554
"902","RALBP1","hurdle",1.56584961574124e-09,-1.525867,-1.0222,0.503667,0.554
"773","OLFML3","hurdle",8.1325895742327e-09,-2.340754,-1.685699,0.655055,0.554
"487","HEPH","hurdle",9.28208768637292e-12,-3.149982,-2.182508,0.967474,0.554
"295","CYTH3","hurdle",6.33569827356552e-09,-2.781832,-1.922514,0.859318,0.554
"291","CYGB","hurdle",2.54312379811416e-12,-2.781496,-1.787905,0.993591,0.554
"895","RAB20","hurdle",1.24427488272663e-13,-2.515061,-1.678136,0.836925,0.553
"534","IGFBP6","hurdle",3.72805483570821e-09,-2.162169,-1.44568,0.716489,0.553
"504","HOXC9","hurdle",8.00792579390235e-12,-2.721718,-1.83522,0.886498,0.553
"397","FBXO17","hurdle",7.19016526681294e-16,-2.901631,-1.965811,0.93582,0.553
"311","DIXDC1","hurdle",2.41327255875935e-15,-2.558372,-1.629917,0.928455,0.553
"276","CSRNP3","hurdle",1.62031395794299e-15,-3.202922,-2.172153,1.030769,0.553
"120","BCL7B","hurdle",6.75570752578205e-11,-1.951668,-1.296114,0.655554,0.553
"118","BCAS3","hurdle",2.59068423556697e-11,-2.772499,-1.946881,0.825618,0.553
"11","ACKR3","hurdle",1.23985957385152e-14,-3.066111,-2.033683,1.032428,0.553
"1098","TAX1BP3","hurdle",0.000190579287985,-2.032613,-1.454751,0.577862,0.552
"1048","SNX18","hurdle",1.73598699285991e-14,-2.566256,-1.753667,0.812589,0.552
"739","NID2","hurdle",3.22716804539544e-08,-2.959555,-2.092932,0.866623,0.552
"716","NBL1","hurdle",8.33582595130734e-09,-2.009727,-1.34951,0.660217,0.552
"712","MYOM1","hurdle",1.97629140862666e-19,-3.256306,-2.188673,1.067633,0.552
"711","MYOCD","hurdle",3.00953560019874e-25,-3.315747,-2.223051,1.092696,0.552
"512","HSPA2","hurdle",4.10765730420181e-07,-1.699097,-1.09287,0.606227,0.552
"352","EMX2OS","hurdle",3.43955353052526e-14,-3.260499,-2.288175,0.972324,0.552
"181","CBX6","hurdle",1.36033744798138e-10,-2.238139,-1.445657,0.792482,0.552
"152","C8orf88","hurdle",1.63761687683442e-12,-3.024803,-2.118175,0.906628,0.552
"56","ANK2","hurdle",1.01281888680244e-06,-2.885232,-2.077831,0.807401,0.552
"1092","SYNPO","hurdle",7.70613237814206e-05,-2.499908,-1.882101,0.617807,0.551
"1083","SULF1","hurdle",0.000359155647555814,-2.495966,-1.784785,0.711181,0.551
"1072","SSRP1","hurdle",1.27816105280511e-11,-1.767105,-1.139241,0.627864,0.551
"990","SEPT10","hurdle",5.38763532861481e-10,-2.006435,-1.31529,0.691145,0.551
"756","NREP","hurdle",2.96582807051012e-08,-2.394841,-1.589345,0.805496,0.551
"695","MVP","hurdle",1.26768166408328e-07,-1.563368,-1.058827,0.504541,0.551
"666","MICU3","hurdle",1.41594145386948e-08,-3.076316,-2.227632,0.848684,0.551
"634","MAGEH1","hurdle",3.34306036666045e-08,-2.230581,-1.561246,0.669335,0.551
"624","LRRC8A","hurdle",5.79654474175998e-07,-2.360301,-1.676027,0.684274,0.551
"427","FRY","hurdle",4.29091068701441e-10,-2.485355,-1.703458,0.781897,0.551
"374","FADS1","hurdle",1.2213675303898e-15,-2.860247,-1.972249,0.887998,0.551
"370","EVA1B","hurdle",4.52929071203222e-12,-2.257034,-1.47352,0.783514,0.551
"361","EPDR1","hurdle",7.00821923192814e-14,-3.101696,-2.172124,0.929572,0.551
"342","EHD1","hurdle",6.59701055100617e-07,-2.213827,-1.561639,0.652188,0.551
"319","DPY19L2","hurdle",1.00329206694232e-16,-3.202153,-2.110743,1.09141,0.551
"270","CRTC3","hurdle",3.2868700166045e-10,-2.231968,-1.542272,0.689696,0.551
"149","C3orf70","hurdle",3.02634991572608e-11,-3.23715,-2.345318,0.891832,0.551
"21","ADAMTS9-AS2","hurdle",2.47749734490059e-11,-2.981817,-2.029468,0.952349,0.551
"8","AC018647.3","hurdle",6.53537330745272e-20,-3.304443,-2.299519,1.004924,0.551
"1109","TEAD2","hurdle",2.90440512597805e-09,-2.423841,-1.726426,0.697415,0.55
"1062","SPATS2L","hurdle",1.35289197153461e-09,-2.06567,-1.417368,0.648302,0.55
"863","PPP1R12C","hurdle",6.20145189002197e-08,-2.701024,-1.927067,0.773957,0.55
"785","PARVA","hurdle",6.95208322939177e-09,-2.044242,-1.362015,0.682227,0.55
"780","P2RY14","hurdle",2.69888770132436e-10,-3.154304,-2.232704,0.9216,0.55
"747","NPNT","hurdle",2.49545159622947e-09,-2.473037,-1.734409,0.738628,0.55
"497","HNMT","hurdle",9.48246950133221e-08,-1.930491,-1.328488,0.602003,0.55
"356","ENTPD1","hurdle",3.02512441379049e-07,-2.155208,-1.595196,0.560012,0.55
"330","ECEL1","hurdle",2.52443065673935e-15,-3.306679,-2.331897,0.974782,0.55
"205","CDC14B","hurdle",3.52644003574536e-10,-3.054426,-2.143181,0.911245,0.55
"201","CD36","hurdle",3.21103891999154e-08,-1.945994,-1.062041,0.883953,0.55
"162","CALCOCO1","hurdle",3.95077029176127e-09,-2.190111,-1.535547,0.654564,0.55
"58","ANKRD29","hurdle",1.63951162682085e-09,-2.274744,-1.51459,0.760154,0.55
"1145","TNFAIP8L3","hurdle",1.06009009407625e-13,-3.240689,-2.358741,0.881948,0.549
"1117","THBS1","hurdle",9.38601904656722e-07,-1.4449473,-0.8417783,0.603169,0.549
"1105","TCEAL7","hurdle",3.1157705098639e-11,-3.07012,-2.089205,0.980915,0.549
"1027","SLC8A1","hurdle",1.41481996586257e-08,-2.777746,-1.985638,0.792108,0.549
"953","RP11-598F7.6","hurdle",6.12963710137954e-22,-3.316225,-2.37142,0.944805,0.549
"858","PPARG","hurdle",6.94531280782916e-11,-2.591019,-1.852035,0.738984,0.549
"852","PMM1","hurdle",1.52762409118279e-09,-2.3553,-1.690831,0.664469,0.549
"843","PLEKHO1","hurdle",1.01313253477908e-09,-2.342371,-1.685849,0.656522,0.549
"811","PEAR1","hurdle",1.01521136899419e-09,-2.965603,-2.161948,0.803655,0.549
"732","NFIL3","hurdle",2.03857463464691e-05,-2.616589,-1.955708,0.660881,0.549
"651","MARVELD1","hurdle",3.45519682946467e-10,-2.936086,-2.08386,0.852226,0.549
"537","IL34","hurdle",3.69463857226488e-15,-3.030272,-2.03796,0.992312,0.549
"449","GLG1","hurdle",1.07918330784263e-05,-1.732771,-1.194722,0.538049,0.549
"416","FKBP7","hurdle",5.39960348129421e-08,-2.571773,-1.826467,0.745306,0.549
"366","EPN2","hurdle",6.22524448400786e-15,-2.288451,-1.545291,0.74316,0.549
"315","DLX5","hurdle",1.93361098176584e-16,-3.301381,-2.402055,0.899326,0.549
"287","CUEDC2","hurdle",6.47116421457395e-10,-1.52597,-1.023813,0.502157,0.549
"210","CDK18","hurdle",1.69032730319102e-14,-3.019499,-2.142948,0.876551,0.549
"150","C4orf27","hurdle",1.01664218057739e-06,-2.246085,-1.616316,0.629769,0.549
"96","ASAP2","hurdle",7.23747537237708e-08,-2.911249,-2.20349,0.707759,0.549
"42","AJUBA","hurdle",1.13651596681781e-10,-3.061767,-2.082649,0.979118,0.549
"30","ADGRL3","hurdle",4.57408953700652e-23,-3.289618,-2.183229,1.106389,0.549
"1078","STK11","hurdle",3.1044816281848e-06,-2.711325,-1.952877,0.758448,0.548
"796","PDE1B","hurdle",1.25114777599862e-15,-3.233176,-2.295746,0.93743,0.548
"697","MXRA7","hurdle",4.78545717906198e-05,-2.570313,-1.853362,0.716951,0.548
"686","MSC-AS1","hurdle",2.03473963360784e-14,-3.185625,-2.235432,0.950193,0.548
"454","GNB5","hurdle",5.7661393907195e-07,-2.454108,-1.808505,0.645603,0.548
"300","DCLK1","hurdle",1.46499255922807e-06,-2.91855,-2.12125,0.7973,0.548
"282","CTDSP2","hurdle",6.82054515257543e-08,-2.059301,-1.43799,0.621311,0.548
"214","CDS2","hurdle",1.95946782411019e-09,-2.00423,-1.373279,0.630951,0.548
"204","CD81","hurdle",1.93215184240887e-11,-0.878403,-0.3172978,0.5611052,0.548
"121","BDH2","hurdle",1.28117637335809e-05,-2.085367,-1.502732,0.582635,0.548
"1162","TRPV2","hurdle",5.15085744109901e-07,-2.756868,-2.131707,0.625161,0.547
"1036","SMIM12","hurdle",6.42583816381839e-11,-2.058832,-1.443274,0.615558,0.547
"872","PROS1","hurdle",2.27322089168606e-06,-2.569154,-1.846884,0.72227,0.547
"652","MBNL1-AS1","hurdle",1.84530758853568e-13,-3.114533,-2.190315,0.924218,0.547
"580","KLC1","hurdle",8.98000336370229e-10,-2.224498,-1.633654,0.590844,0.547
"528","IFIT2","hurdle",9.78182122495841e-08,-2.528977,-1.757309,0.771668,0.547
"451","GLT8D2","hurdle",3.30074155877663e-06,-2.688927,-2.115731,0.573196,0.547
"381","FAM127C","hurdle",3.68855814057901e-08,-2.559339,-1.793941,0.765398,0.547
"299","DCBLD2","hurdle",1.10328640435138e-08,-2.811121,-1.966311,0.84481,0.547
"46","AKAP6","hurdle",1.26091298288208e-17,-3.293809,-2.295996,0.997813,0.547
"1199","WDR13","hurdle",4.84529267624679e-06,-1.783609,-1.276803,0.506806,0.546
"1189","VCAM1","hurdle",8.15448648550921e-05,-2.532923,-1.944617,0.588306,0.546
"1175","TUSC3","hurdle",5.7250766170746e-07,-2.067138,-1.450195,0.616943,0.546
"1087","SVIL","hurdle",2.55011827461673e-05,-1.914221,-1.402646,0.511575,0.546
"1066","SPRY2","hurdle",4.16058553770521e-07,-2.928206,-2.134405,0.793801,0.546
"1049","SNX21","hurdle",1.34378624459648e-11,-2.509243,-1.732735,0.776508,0.546
"1008","SH2D3C","hurdle",2.19762241259235e-05,-2.692966,-1.974923,0.718043,0.546
"967","RYR2","hurdle",1.27372655314651e-09,-3.237311,-2.395263,0.842048,0.546
"935","RGS6","hurdle",1.0936335829509e-18,-3.281106,-2.245609,1.035497,0.546
"892","PYGM","hurdle",1.30695989130407e-16,-3.242799,-2.289165,0.953634,0.546
"656","MEF2D","hurdle",2.94554891609023e-06,-2.052418,-1.491197,0.561221,0.546
"630","LZTS2","hurdle",2.32399377019169e-07,-2.582485,-1.918968,0.663517,0.546
"608","LINC00702","hurdle",1.2050781465755e-11,-3.250074,-2.390055,0.860019,0.546
"538","IL6","hurdle",2.26918102800888e-09,-2.40643,-1.468506,0.937924,0.546
"453","GNB4","hurdle",0.00140446141444406,-2.158996,-1.600234,0.558762,0.546
"391","FARP1","hurdle",2.28246930246173e-07,-2.262751,-1.631178,0.631573,0.546
"346","EIF2B2","hurdle",5.54000795368228e-08,-2.399949,-1.742243,0.657706,0.546
"283","CTDSPL","hurdle",7.08561277927363e-08,-2.766803,-2.047778,0.719025,0.546
"138","C1orf198","hurdle",5.1540275930361e-08,-2.482036,-1.752537,0.729499,0.546
"1156","TRIM47","hurdle",1.0532576842747e-07,-2.036033,-1.444153,0.59188,0.545
"1126","TJP1","hurdle",1.2180725470979e-05,-1.795798,-1.294948,0.50085,0.545
"1110","TEAD3","hurdle",2.09718157424695e-09,-2.783724,-1.98252,0.801204,0.545
"1082","SUCLA2","hurdle",2.62138468378813e-10,-2.38508,-1.663899,0.721181,0.545
"1042","SNAPC2","hurdle",1.05338220628511e-07,-2.133254,-1.530947,0.602307,0.545
"1025","SLC6A9","hurdle",2.92972338246071e-15,-3.10752,-2.122728,0.984792,0.545
"1011","SH3PXD2A","hurdle",1.84158330989967e-06,-2.505121,-1.857583,0.647538,0.545
"779","OSTM1","hurdle",7.85609643826707e-08,-2.388578,-1.657757,0.730821,0.545
"718","NCK2","hurdle",6.60583249110457e-07,-2.313991,-1.691024,0.622967,0.545
"646","MAP9","hurdle",4.3431752581878e-08,-2.450488,-1.802523,0.647965,0.545
"627","LYPD1","hurdle",2.34350295020866e-17,-3.281066,-2.301105,0.979961,0.545
"605","LIN7A","hurdle",5.33642157918144e-10,-3.112129,-2.286194,0.825935,0.545
"583","KLHDC3","hurdle",2.77351703379256e-10,-2.088407,-1.476319,0.612088,0.545
"496","HIP1","hurdle",5.19567331297725e-07,-2.054561,-1.480214,0.574347,0.545
"480","HAAO","hurdle",4.31368242267296e-10,-3.10934,-2.32324,0.7861,0.545
"377","FAM122A","hurdle",8.05190209588779e-11,-2.64526,-1.807245,0.838015,0.545
"218","CFH","hurdle",9.15880246722983e-06,-2.026751,-1.309333,0.717418,0.545
"161","CACNB2","hurdle",9.9492274064359e-13,-3.271414,-2.4,0.871414,0.545
"117","BCAR1","hurdle",2.20101069438225e-06,-2.543121,-1.870169,0.672952,0.545
"89","ARL2","hurdle",6.1919704368336e-07,-1.900654,-1.365887,0.534767,0.545
"931","RGL3","hurdle",1.61842839974698e-09,-2.989036,-2.262223,0.726813,0.544
"911","RASSF4","hurdle",6.96277753362346e-06,-2.634623,-2.063895,0.570728,0.544
"831","PINK1","hurdle",1.32847933786219e-05,-2.438681,-1.833967,0.604714,0.544
"826","PHYH","hurdle",0.000166639031854805,-2.151216,-1.605221,0.545995,0.544
"764","NTRK3","hurdle",7.73664931829206e-20,-3.187344,-2.217468,0.969876,0.544
"759","NRXN2","hurdle",4.8069192377499e-11,-3.191004,-2.410725,0.780279,0.544
"685","MSC","hurdle",5.51859239230807e-08,-3.109877,-2.317072,0.792805,0.544
"460","GPI","hurdle",5.30852179881313e-10,-1.5582169,-0.9967985,0.5614184,0.544
"308","DES","hurdle",5.38476721829004e-25,-3.285597,-1.962032,1.323565,0.544
"134","C15orf39","hurdle",5.71240398416482e-08,-2.993909,-2.284604,0.709305,0.544
"84","ARHGEF40","hurdle",1.79228328465068e-05,-2.851443,-2.146846,0.704597,0.544
"66","APBB1","hurdle",1.92943052479875e-12,-2.670604,-1.883434,0.78717,0.544
"49","AMOTL2","hurdle",4.56515361612305e-09,-2.476589,-1.728119,0.74847,0.544
"48","ALDH2","hurdle",4.11352704042908e-08,-1.877628,-1.338337,0.539291,0.544
"1212","ZC2HC1A","hurdle",1.54367262649175e-09,-2.330226,-1.626253,0.703973,0.543
"1102","TBX18","hurdle",5.4715530991526e-15,-3.217934,-2.34121,0.876724,0.543
"1101","TBX15","hurdle",4.80673100430583e-13,-3.193068,-2.255784,0.937284,0.543
"963","RSRC1","hurdle",1.37890659627117e-07,-1.792449,-1.241005,0.551444,0.543
"943","RNF180","hurdle",0.000118227635261745,-3.021546,-2.364816,0.65673,0.543
"877","PRRX2","hurdle",3.34300237922884e-06,-3.091781,-2.354644,0.737137,0.543
"849","PLXND1","hurdle",7.8015367355083e-05,-2.161931,-1.64562,0.516311,0.543
"788","PCDH18","hurdle",6.08361414319112e-06,-3.018624,-2.287488,0.731136,0.543
"755","NRARP","hurdle",1.17315563783768e-08,-2.931926,-2.142931,0.788995,0.543
"658","MEOX2","hurdle",9.01062644313832e-06,-2.625884,-1.908335,0.717549,0.543
"525","IFFO1","hurdle",1.8037661440086e-05,-2.821784,-2.259807,0.561977,0.543
"499","HOOK3","hurdle",5.93594071645773e-07,-1.744332,-1.226108,0.518224,0.543
"307","DENND5A","hurdle",9.55286540561808e-07,-2.624754,-1.897086,0.727668,0.543
"71","ARC","hurdle",3.39760040691184e-06,-2.374972,-1.722712,0.65226,0.543
"69","APOL6","hurdle",1.2081323606695e-06,-2.090315,-1.524135,0.56618,0.543
"1183","USP11","hurdle",1.00269971645294e-06,-2.19528,-1.618444,0.576836,0.542
"1107","TCF7L1","hurdle",2.03383052615441e-07,-2.689065,-2.007366,0.681699,0.542
"1086","SVBP","hurdle",3.14089354001631e-07,-2.086335,-1.539105,0.54723,0.542
"1040","SMYD4","hurdle",7.46035973277739e-08,-2.735744,-2.097252,0.638492,0.542
"1014","SLC12A4","hurdle",8.32588057914538e-07,-2.92335,-2.187908,0.735442,0.542
"899","RAB6B","hurdle",5.19156444385415e-10,-3.170923,-2.345115,0.825808,0.542
"683","MRPL39","hurdle",1.80265043851889e-09,-2.554304,-1.911667,0.642637,0.542
"641","MAP2","hurdle",3.35531217146947e-12,-3.162236,-2.403316,0.75892,0.542
"581","KLF11","hurdle",3.47380607428175e-07,-2.664343,-2.001337,0.663006,0.542
"544","INF2","hurdle",1.30189339388911e-06,-2.379303,-1.77542,0.603883,0.542
"539","IL6R","hurdle",8.99634343775751e-10,-2.732212,-2.019124,0.713088,0.542
"481","HABP4","hurdle",1.41860736933853e-05,-2.951681,-2.326488,0.625193,0.542
"147","C21orf2","hurdle",2.6368176910808e-09,-2.303086,-1.644355,0.658731,0.542
"113","BATF3","hurdle",0.000390750941927279,-3.182566,-2.473086,0.70948,0.542
"101","ATP1A2","hurdle",1.97844691774995e-18,-3.299384,-2.357533,0.941851,0.542
"47","AKT3","hurdle",2.14306855995808e-05,-2.517317,-2.005339,0.511978,0.542
"1176","TWIST1","hurdle",0.000208179097779683,-3.17393,-2.488548,0.685382,0.541
"1079","STK38L","hurdle",3.28553098804111e-05,-2.322498,-1.722476,0.600022,0.541
"985","SEMA4C","hurdle",0.00023542621842974,-2.686115,-2.083663,0.602452,0.541
"818","PGM5","hurdle",8.54403113021264e-11,-2.915078,-2.119082,0.795996,0.541
"620","LRRC10B","hurdle",3.17558652092022e-13,-3.30269,-2.546634,0.756056,0.541
"612","LINC01436","hurdle",1.64157459901578e-15,-3.095116,-1.951731,1.143385,0.541
"546","INPP5A","hurdle",9.1886417880944e-10,-3.178294,-2.451891,0.726403,0.541
"359","EPB41L1","hurdle",7.40314305747843e-08,-2.676831,-1.924834,0.751997,0.541
"286","CTSO","hurdle",3.71087461967626e-07,-2.296936,-1.769531,0.527405,0.541
"182","CBX7","hurdle",6.55566451356013e-09,-2.793747,-2.120664,0.673083,0.541
"179","CBL","hurdle",0.00522601416001975,-2.665239,-2.095299,0.56994,0.541
"9","ACAN","hurdle",2.42348018445892e-15,-3.310098,-2.526426,0.783672,0.541
"856","PODN","hurdle",4.91849825201189e-06,-2.449749,-1.821201,0.628548,0.54
"821","PHC2","hurdle",0.000400106637309513,-2.560598,-2.000494,0.560104,0.54
"762","NTF3","hurdle",5.28920585136622e-16,-3.293217,-2.404552,0.888665,0.54
"748","NPY1R","hurdle",8.67806624970646e-14,-2.493836,-1.817769,0.676067,0.54
"715","NAE1","hurdle",1.71770653448212e-06,-2.175698,-1.591439,0.584259,0.54
"713","MYOZ1","hurdle",1.43541833118746e-19,-3.301566,-2.404729,0.896837,0.54
"501","HOXA10","hurdle",1.40349752917681e-08,-2.938085,-2.221787,0.716298,0.54
"485","HDAC5","hurdle",2.14700350362343e-09,-2.344133,-1.66772,0.676413,0.54
"406","FGF7","hurdle",1.54475182684665e-08,-2.60297,-1.661165,0.941805,0.54
"363","EPHA3","hurdle",9.50853603468881e-08,-3.250992,-2.559437,0.691555,0.54
"298","DBNDD2","hurdle",1.0305691218581e-11,-2.437389,-1.586081,0.851308,0.54
"292","CYP7B1","hurdle",3.78449422131726e-08,-3.02093,-2.254107,0.766823,0.54
"241","CNPY4","hurdle",9.18728293871514e-06,-2.648894,-2.055091,0.593803,0.54
"167","CAMK2N1","hurdle",1.54689097226377e-11,-2.211589,-1.476192,0.735397,0.54
"76","ARHGAP24","hurdle",0.00296362213122366,-2.768353,-2.201285,0.567068,0.54
"1220","ZNF618","hurdle",1.29111644879521e-06,-2.756761,-2.130539,0.626222,0.539
"1127","TLE1","hurdle",6.91576095174788e-06,-2.399592,-1.785748,0.613844,0.539
"1034","SMC6","hurdle",2.55044097263788e-05,-2.307881,-1.739037,0.568844,0.539
"649","MARCH2","hurdle",1.88435813055115e-05,-2.458035,-1.833053,0.624982,0.539
"575","KHDRBS3","hurdle",1.90359743641138e-05,-3.128993,-2.497131,0.631862,0.539
"574","KDELC2","hurdle",9.87077802494977e-05,-2.848354,-2.181853,0.666501,0.539
"515","HSPB7","hurdle",8.76399422951238e-22,-3.296346,-2.369726,0.92662,0.539
"494","HIC1","hurdle",1.36526573416177e-05,-2.833047,-2.162999,0.670048,0.539
"408","FHL2","hurdle",2.31099827799184e-05,-1.578931,-1.021856,0.557075,0.539
"390","FAM92A1","hurdle",3.05941744771451e-10,-2.789665,-2.126483,0.663182,0.539
"340","EGFR","hurdle",1.1831206097145e-06,-2.826488,-2.173351,0.653137,0.539
"54","ANGPTL2","hurdle",0.000122681733257643,-2.670253,-2.088705,0.581548,0.539
"1216","ZMAT3","hurdle",2.11821039275315e-06,-2.483714,-1.941351,0.542363,0.538
"1108","TDO2","hurdle",2.6375321580659e-11,-3.219535,-2.387021,0.832514,0.538
"1002","SETBP1","hurdle",0.0027237151287206,-2.688986,-2.11755,0.571436,0.538
"975","SCIN","hurdle",1.4167209989222e-07,-3.117293,-2.30284,0.814453,0.538
"950","RP11-467L13.7","hurdle",4.64126520437944e-05,-2.427363,-1.811301,0.616062,0.538
"860","PPM1L","hurdle",4.2206562597909e-07,-3.128512,-2.451777,0.676735,0.538
"442","GDF11","hurdle",3.02434700862064e-06,-2.9269,-2.186925,0.739975,0.538
"395","FBLN7","hurdle",4.52001181677626e-08,-2.905972,-2.338499,0.567473,0.538
"378","FAM126A","hurdle",0.00251003182064273,-2.570942,-2.001733,0.569209,0.538
"29","ADGRL2","hurdle",0.0013750011210323,-2.913994,-2.331388,0.582606,0.538
"1174","TUSC1","hurdle",1.21198273597235e-06,-2.606796,-1.99934,0.607456,0.537
"1157","TRIP10","hurdle",6.17270893598223e-08,-2.446306,-1.847961,0.598345,0.537
"1130","TMEM159","hurdle",6.13472104846586e-09,-1.766113,-1.229347,0.536766,0.537
"1096","TAF3","hurdle",0.000747501575921555,-2.192746,-1.681274,0.511472,0.537
"971","SAE1","hurdle",7.64200235457708e-06,-2.165484,-1.61561,0.549874,0.537
"929","RFXANK","hurdle",4.11837292838179e-09,-1.971377,-1.430277,0.5411,0.537
"925","RDH5","hurdle",7.17448530676795e-11,-3.168075,-2.341605,0.82647,0.537
"650","MARK1","hurdle",1.11387929040745e-11,-3.183276,-2.391791,0.791485,0.537
"642","MAP2K1","hurdle",1.54247694957659e-05,-2.315035,-1.793398,0.521637,0.537
"609","LINC00924","hurdle",1.83865481579455e-10,-3.269361,-2.538796,0.730565,0.537
"327","DZIP1","hurdle",2.69133681366954e-05,-3.127905,-2.437111,0.690794,0.537
"323","DTWD1","hurdle",1.00865741898632e-05,-2.08162,-1.566236,0.515384,0.537
"309","DGKG","hurdle",3.40702426086042e-12,-3.287935,-2.482618,0.805317,0.537
"168","CAMKK2","hurdle",6.99033811981158e-10,-2.663475,-1.918419,0.745056,0.537
"106","ATXN3","hurdle",5.61982805953839e-07,-1.935061,-1.421779,0.513282,0.537
"91","ARMCX1","hurdle",2.25430562885336e-05,-2.438258,-1.837416,0.600842,0.537
"1173","TULP3","hurdle",1.36692372212173e-07,-2.574845,-1.902139,0.672706,0.536
"1142","TMOD1","hurdle",2.1236329010367e-08,-3.131168,-2.329225,0.801943,0.536
"1019","SLC27A3","hurdle",2.20646896294674e-08,-2.390453,-1.844908,0.545545,0.536
"896","RAB23","hurdle",0.000892703318956557,-2.979888,-2.467628,0.51226,0.536
"834","PLA2G4C","hurdle",5.82677731129237e-08,-2.796505,-2.168422,0.628083,0.536
"814","PFKM","hurdle",2.05764729833063e-08,-2.69143,-2.043798,0.647632,0.536
"787","PBXIP1","hurdle",7.26384982935008e-05,-1.894468,-1.384925,0.509543,0.536
"769","OBSL1","hurdle",2.98713874679529e-06,-2.630154,-2.038231,0.591923,0.536
"767","OAF","hurdle",5.02057010735713e-06,-2.532331,-1.934292,0.598039,0.536
"700","MYBBP1A","hurdle",9.81495682720777e-05,-2.848531,-2.227343,0.621188,0.536
"681","MRPL2","hurdle",5.14270743722792e-06,-2.28317,-1.703709,0.579461,0.536
"592","LARP6","hurdle",1.74872772790501e-07,-2.908465,-2.289915,0.61855,0.536
"505","HOXD-AS2","hurdle",0.000303107100911275,-3.171094,-2.571932,0.599162,0.536
"479","GULP1","hurdle",2.07803271255687e-06,-2.711928,-2.063299,0.648629,0.536
"405","FGF13","hurdle",1.25506418000902e-08,-3.047633,-2.384499,0.663134,0.536
"398","FBXO3","hurdle",1.9745692689878e-06,-2.09506,-1.567299,0.527761,0.536
"354","ENO2","hurdle",1.36397303055359e-12,-2.695488,-1.961164,0.734324,0.536
"223","CHRD","hurdle",3.58419279378436e-07,-3.069741,-2.304711,0.76503,0.536
"195","CCL26","hurdle",1.15503785863127e-11,-3.256228,-2.455944,0.800284,0.536
"1164","TSPAN12","hurdle",0.00161848098486417,-2.632461,-2.122173,0.510288,0.535
"1100","TBC1D2B","hurdle",0.000167743842482037,-2.611428,-2.069765,0.541663,0.535
"1012","SHOX2","hurdle",0.00189357603153725,-3.129689,-2.565014,0.564675,0.535
"873","PRPH","hurdle",1.33525688086171e-19,-3.301588,-2.322167,0.979421,0.535
"783","PARD6G","hurdle",0.000832539641425701,-3.136176,-2.532223,0.603953,0.535
"690","MT1F","hurdle",4.88171327189678e-08,-2.184285,-1.489922,0.694363,0.535
"362","EPHA2","hurdle",1.78759850783752e-05,-2.838132,-2.225363,0.612769,0.535
"112","BAHCC1","hurdle",2.83461435521916e-07,-3.093419,-2.410527,0.682892,0.535
"92","ARMCX2","hurdle",0.000825927787646528,-2.400489,-1.88599,0.514499,0.535
"31","ADH1B","hurdle",1.37415126962668e-09,-2.871322,-1.925346,0.945976,0.535
"19","ADAMTS2","hurdle",0.00198387954096408,-2.884725,-2.31643,0.568295,0.535
"1111","TESC","hurdle",0.000919255404036492,-2.555443,-1.989451,0.565992,0.534
"1058","SOX5","hurdle",3.52615184699409e-11,-3.239355,-2.478776,0.760579,0.534
"1051","SOBP","hurdle",0.00129626267946972,-3.170798,-2.558639,0.612159,0.534
"841","PLEKHG3","hurdle",5.87627449055952e-07,-2.932848,-2.269417,0.663431,0.534
"827","PHYHIP","hurdle",3.90972997790721e-12,-3.13932,-2.295349,0.843971,0.534
"803","PDK2","hurdle",1.25664441529501e-10,-2.574524,-1.98632,0.588204,0.534
"472","GSTA4","hurdle",1.80839959838633e-09,-2.533191,-1.877783,0.655408,0.534
"434","GABRD","hurdle",6.124578358292e-12,-3.208352,-2.316361,0.891991,0.534
"424","FRK","hurdle",3.87963411422364e-10,-3.127657,-2.34793,0.779727,0.534
"344","EHD3","hurdle",5.21714434967941e-08,-3.107327,-2.426744,0.680583,0.534
"244","CNTLN","hurdle",5.52732148529323e-07,-2.669064,-2.018688,0.650376,0.534
"67","APCDD1","hurdle",0.0601042525970978,-3.10468,-2.603085,0.501595,0.534
"1196","WBP4","hurdle",1.39720729151508e-06,-2.236548,-1.726782,0.509766,0.533
"1159","TRNP1","hurdle",0.00128075784770183,-3.237348,-2.680293,0.557055,0.533
"1124","TIMP4","hurdle",1.28542767116483e-08,-3.153091,-2.482076,0.671015,0.533
"1115","TGFB3","hurdle",1.25146481221165e-05,-2.57452,-1.936592,0.637928,0.533
"1021","SLC39A13","hurdle",9.48447840977933e-05,-2.390636,-1.863809,0.526827,0.533
"884","PTGR1","hurdle",1.79937091967189e-07,-2.042113,-1.533239,0.508874,0.533
"737","NHS","hurdle",4.93009924683851e-07,-3.082807,-2.481625,0.601182,0.533
"680","MRPL10","hurdle",7.18544791995305e-08,-2.106887,-1.56971,0.537177,0.533
"573","KCTD10","hurdle",2.79957444894755e-07,-2.636727,-2.097618,0.539109,0.533
"547","IQSEC1","hurdle",1.4938088117017e-05,-2.629787,-2.070861,0.558926,0.533
"473","GSTM4","hurdle",7.02114705364906e-08,-2.561322,-1.946672,0.61465,0.533
"388","FAM228B","hurdle",2.68277067671983e-07,-2.682358,-2.062746,0.619612,0.533
"326","DYRK2","hurdle",0.0288380900640516,-2.825991,-2.317991,0.508,0.533
"236","CNGA1","hurdle",6.53725287051462e-17,-3.264609,-2.399152,0.865457,0.533
"111","BAG2","hurdle",8.29377319295829e-05,-2.925681,-2.319395,0.606286,0.533
"98","ASPA","hurdle",2.58515987594114e-11,-3.189764,-2.338432,0.851332,0.533
"97","ASB2","hurdle",1.10397771994103e-07,-3.27064,-2.61869,0.65195,0.533
"86","ARHGEF9","hurdle",0.000167312189842484,-2.449268,-1.923702,0.525566,0.533
"904","RARB","hurdle",1.95279271153913e-05,-3.173645,-2.561537,0.612108,0.532
"839","PLEKHA5","hurdle",2.41969494188781e-08,-2.352741,-1.69385,0.658891,0.532
"816","PGAM2","hurdle",4.32328363812497e-18,-3.280603,-2.373985,0.906618,0.532
"798","PDE4C","hurdle",1.57471542370871e-06,-2.858902,-2.261523,0.597379,0.532
"789","PCDH9","hurdle",2.24712377167906e-07,-3.146541,-2.434033,0.712508,0.532
"725","NELFA","hurdle",8.19579634978314e-08,-2.484612,-1.886498,0.598114,0.532
"665","MICAL2","hurdle",0.000599598845877577,-2.7655,-2.24084,0.52466,0.532
"621","LRRC17","hurdle",1.05910663655354e-05,-2.960053,-2.385177,0.574876,0.532
"610","LINC00989","hurdle",2.24511849404073e-15,-3.297606,-2.524261,0.773345,0.532
"607","LINC00310","hurdle",2.48931701188246e-16,-3.316035,-2.540221,0.775814,0.532
"536","IL17B","hurdle",4.39475509523208e-06,-3.250238,-2.702264,0.547974,0.532
"518","HVCN1","hurdle",6.10342695223148e-05,-2.953598,-2.368206,0.585392,0.532
"439","GBGT1","hurdle",1.84501822881489e-07,-3.08281,-2.444996,0.637814,0.532
"372","FABP3","hurdle",9.49314957175197e-10,-3.126341,-2.304144,0.822197,0.532
"265","CPSF4","hurdle",7.61804525363341e-07,-2.747827,-2.09115,0.656677,0.532
"228","CKMT2","hurdle",7.76792570975026e-13,-3.245887,-2.51014,0.735747,0.532
"183","CC2D2A","hurdle",1.14757376866457e-07,-3.048251,-2.408135,0.640116,0.532
"1022","SLC39A14","hurdle",0.000203651784362217,-2.808776,-2.250751,0.558025,0.531
"959","RP4-621F18.2","hurdle",6.27015809517706e-05,-3.196123,-2.628847,0.567276,0.531
"894","RAB11FIP2","hurdle",3.38075832862343e-08,-2.780103,-2.23284,0.547263,0.531
"830","PIGK","hurdle",5.79866329006709e-06,-2.371638,-1.871467,0.500171,0.531
"809","PDS5B","hurdle",3.35134296362123e-06,-2.211145,-1.687497,0.523648,0.531
"781","PACSIN2","hurdle",1.18391392051347e-07,-2.309193,-1.712468,0.596725,0.531
"743","NMNAT2","hurdle",1.8219742944633e-08,-3.285378,-2.704895,0.580483,0.531
"740","NIPSNAP3A","hurdle",0.000373038821414933,-2.388532,-1.881248,0.507284,0.531
"676","MPDZ","hurdle",1.00253720387212e-05,-2.565564,-1.967293,0.598271,0.531
"637","MAOA","hurdle",1.03165723139393e-12,-2.779262,-2.056308,0.722954,0.531
"618","LPL","hurdle",3.09034905905373e-09,-3.158912,-2.309126,0.849786,0.531
"596","LDOC1","hurdle",2.28888118372249e-09,-1.907185,-1.345985,0.5612,0.531
"493","HGF","hurdle",1.00907816768821e-06,-3.067114,-2.396261,0.670853,0.531
"475","GTDC1","hurdle",0.00252726282523316,-2.819968,-2.315098,0.50487,0.531
"433","GABBR1","hurdle",1.22416809466789e-06,-2.664091,-2.058051,0.60604,0.531
"404","FGF1","hurdle",1.09454030617317e-06,-3.157601,-2.488037,0.669564,0.531
"387","FAM212B","hurdle",1.93762048221248e-07,-3.190422,-2.618569,0.571853,0.531
"314","DLST","hurdle",1.03154233425556e-05,-2.349005,-1.795978,0.553027,0.531
"280","CTD-3064M3.7","hurdle",1.72929537281413e-09,-3.288909,-2.635247,0.653662,0.531
"240","CNP","hurdle",9.88736516479612e-07,-2.05764,-1.532464,0.525176,0.531
"136","C17orf82","hurdle",1.45467678841792e-10,-3.281514,-2.637458,0.644056,0.531
"81","ARHGEF10L","hurdle",0.000129509527402834,-2.989653,-2.427834,0.561819,0.531
"79","ARHGAP44","hurdle",4.72942218141622e-06,-3.150507,-2.529543,0.620964,0.531
"1023","SLC43A1","hurdle",2.20040404134243e-06,-2.905001,-2.341063,0.563938,0.53
"1015","SLC22A3","hurdle",2.79441432056518e-14,-3.298599,-2.576375,0.722224,0.53
"996","SERP2","hurdle",1.39412020744469e-06,-2.988088,-2.366501,0.621587,0.53
"984","SEMA4B","hurdle",2.4787609958239e-05,-2.645426,-2.077849,0.567577,0.53
"941","RNF150","hurdle",3.28556972358048e-05,-3.210178,-2.644335,0.565843,0.53
"891","PWWP2A","hurdle",1.67271552057646e-05,-2.434971,-1.890168,0.544803,0.53
"790","PCID2","hurdle",2.01182681657236e-05,-2.167532,-1.666858,0.500674,0.53
"750","NR2F1","hurdle",8.45016657036731e-05,-2.704028,-2.159529,0.544499,0.53
"647","MAPK10","hurdle",2.85684642466114e-06,-3.05852,-2.49459,0.56393,0.53
"631","MAEA","hurdle",1.85182599887223e-05,-2.376151,-1.861612,0.514539,0.53
"564","JPH2","hurdle",1.29867608010065e-09,-3.261359,-2.596223,0.665136,0.53
"541","IMPA2","hurdle",1.6175270728095e-08,-2.991811,-2.301386,0.690425,0.53
"403","FGD4","hurdle",2.37481461314895e-05,-2.564136,-2.023883,0.540253,0.53
"386","FAM20C","hurdle",0.00166263089414705,-2.727748,-2.187691,0.540057,0.53
"376","FAIM","hurdle",4.98687579937543e-06,-2.631656,-2.069208,0.562448,0.53
"364","EPHB6","hurdle",0.00102213359450257,-3.085398,-2.552222,0.533176,0.53
"310","DIAPH2","hurdle",3.48611613276205e-05,-2.618703,-2.112058,0.506645,0.53
"187","CCDC28B","hurdle",0.00016249241553562,-2.858332,-2.324762,0.53357,0.53
"154","C9orf85","hurdle",1.61755728390041e-05,-2.700616,-2.157239,0.543377,0.53
"1192","VGLL3","hurdle",0.000223359647217919,-3.067922,-2.494184,0.573738,0.529
"1160","TRPC4","hurdle",7.49240790099489e-10,-3.317255,-2.722193,0.595062,0.529
"1147","TNFRSF21","hurdle",0.000351893560665346,-3.037659,-2.53734,0.500319,0.529
"946","RP1-79C4.4","hurdle",2.2618681674567e-06,-3.264335,-2.71365,0.550685,0.529
"778","OSR2","hurdle",1.46742487888167e-06,-2.920982,-2.221145,0.699837,0.529
"670","MLH3","hurdle",1.09886452596352e-06,-2.478426,-1.92262,0.555806,0.529
"635","MAMDC2","hurdle",8.18054510231156e-07,-3.228924,-2.637935,0.590989,0.529
"459","GPER1","hurdle",9.65197000380331e-12,-3.248859,-2.571025,0.677834,0.529
"322","DTNA","hurdle",2.60430135435776e-09,-3.145055,-2.489259,0.655796,0.529
"272","CSDC2","hurdle",2.82408880516632e-13,-3.285152,-2.555054,0.730098,0.529
"225","CHST3","hurdle",0.00022308110572843,-3.093043,-2.536159,0.556884,0.529
"95","ARSJ","hurdle",2.75970945330187e-05,-3.1302,-2.537105,0.593095,0.529
"39","AGTR1","hurdle",6.93798548827406e-08,-3.001522,-2.277238,0.724284,0.529
"25","ADCY6","hurdle",1.63893687121365e-07,-2.812773,-2.141127,0.671646,0.529
"1134","TMEM200B","hurdle",2.45769103820925e-06,-3.255218,-2.655422,0.599796,0.528
"1120","TIMM44","hurdle",9.97711405126039e-06,-2.547671,-2.028896,0.518775,0.528
"966","RXRB","hurdle",0.000319026637847226,-2.482037,-1.979029,0.503008,0.528
"958","RP3-525N10.2","hurdle",1.48357266635978e-07,-3.298424,-2.643795,0.654629,0.528
"954","RP11-803D5.4","hurdle",0.000130659925250107,-3.227006,-2.694913,0.532093,0.528
"951","RP11-499P20.2","hurdle",1.01181289692303e-08,-3.214147,-2.614426,0.599721,0.528
"866","PPP1R3C","hurdle",0.000127436801325827,-3.133639,-2.586115,0.547524,0.528
"842","PLEKHH3","hurdle",4.55091472909964e-05,-2.529885,-2.00787,0.522015,0.528
"577","KIF1BP","hurdle",4.31451849434359e-05,-2.525831,-2.000312,0.525519,0.528
"557","ITIH3","hurdle",5.81009293330154e-14,-3.293396,-2.557049,0.736347,0.528
"458","GPC6","hurdle",0.000863518541591529,-3.123495,-2.504099,0.619396,0.528
"384","FAM175A","hurdle",3.37506874324561e-05,-2.682011,-2.150821,0.53119,0.528
"318","DNAJB5","hurdle",1.84567008298441e-07,-3.22105,-2.637137,0.583913,0.528
"230","CLIP2","hurdle",0.000197505349558504,-3.195771,-2.685683,0.510088,0.528
"142","C1QTNF7","hurdle",2.19165424337482e-07,-3.218782,-2.61679,0.601992,0.528
"1081","STOML1","hurdle",3.10341719738396e-05,-2.966644,-2.421109,0.545535,0.527
"1067","SPRYD3","hurdle",1.89545280136722e-06,-2.432155,-1.924675,0.50748,0.527
"1028","SLCO1C1","hurdle",2.42348018445609e-15,-3.31133,-2.592673,0.718657,0.527
"1013","SIPA1L2","hurdle",0.00104900976559601,-2.722853,-2.210796,0.512057,0.527
"930","RGAG4","hurdle",2.00743682046096e-05,-3.179691,-2.65797,0.521721,0.527
"916","RBM24","hurdle",2.86708217057769e-05,-3.152658,-2.565734,0.586924,0.527
"828","PI15","hurdle",1.36622365177733e-06,-3.06264,-2.398854,0.663786,0.527
"819","PGM5-AS1.1","hurdle",6.95761842068093e-11,-3.24089,-2.480558,0.760332,0.527
"704","MYL4","hurdle",5.96646597073376e-11,-3.31611,-2.739846,0.576264,0.527
"560","ITPK1","hurdle",2.24444769700309e-05,-2.548975,-2.024699,0.524276,0.527
"420","FMO3","hurdle",3.0730567260418e-07,-3.257577,-2.574546,0.683031,0.527
"239","CNNM2","hurdle",7.540202421207e-07,-3.142069,-2.531574,0.610495,0.527
"231","CLIP3","hurdle",1.39718506464675e-07,-3.099812,-2.465063,0.634749,0.527
"186","CCDC151","hurdle",0.000147037407760584,-3.109808,-2.524742,0.585066,0.527
"135","C16orf45","hurdle",2.3610553020975e-05,-2.446563,-1.934645,0.511918,0.527
"24","ADCY5","hurdle",1.01766118011148e-08,-3.238982,-2.672105,0.566877,0.527
"18","ADAMTS12","hurdle",0.000289297573389618,-3.071272,-2.481803,0.589469,0.527
"1136","TMEM246","hurdle",2.38894552403932e-09,-3.153814,-2.496114,0.6577,0.526
"1059","SOX6","hurdle",5.1736775846865e-07,-3.173353,-2.606231,0.567122,0.526
"1047","SNTB1","hurdle",2.80959402733514e-06,-3.143304,-2.570173,0.573131,0.526
"912","RASSF8","hurdle",0.00355865543318241,-3.080562,-2.563056,0.517506,0.526
"859","PPARGC1B","hurdle",8.15161076272872e-07,-3.241575,-2.72149,0.520085,0.526
"850","PM20D2","hurdle",6.78220888606468e-06,-2.948648,-2.335497,0.613151,0.526
"735","NGFR","hurdle",6.5132384612254e-05,-2.950755,-2.304041,0.646714,0.526
"506","HRAT92","hurdle",1.62966457225047e-08,-3.282332,-2.633541,0.648791,0.526
"468","GRID1","hurdle",3.33580898208749e-09,-3.271342,-2.712378,0.558964,0.526
"411","FHOD1","hurdle",0.00182187134011011,-2.796806,-2.296758,0.500048,0.526
"242","CNR1","hurdle",6.08267925900936e-07,-3.263007,-2.61496,0.648047,0.526
"52","ANGPT4","hurdle",3.03535335734339e-14,-3.316574,-2.599513,0.717061,0.526
"38","AGT","hurdle",4.88410541542929e-10,-3.121904,-2.326655,0.795249,0.526
"1217","ZNF143","hurdle",3.00611607385598e-06,-2.691839,-2.183425,0.508414,0.525
"1143","TMTC3","hurdle",0.000261898380880116,-2.662324,-2.143469,0.518855,0.525
"1003","SFTA1P","hurdle",3.18511333863759e-14,-3.308741,-2.578761,0.72998,0.525
"952","RP11-598F7.5","hurdle",4.75982988842239e-12,-3.321928,-2.809968,0.51196,0.525
"875","PRRT2","hurdle",4.8882369698337e-05,-3.080654,-2.561977,0.518677,0.525
"812","PELI2","hurdle",3.40688411726609e-05,-2.914651,-2.387567,0.527084,0.525
"623","LRRC47","hurdle",6.79713085655071e-08,-2.355538,-1.804023,0.551515,0.525
"217","CES1","hurdle",5.1411928425992e-06,-2.990461,-2.35309,0.637371,0.525
"157","CACNA1A","hurdle",7.07450486816641e-05,-3.162323,-2.648643,0.51368,0.525
"124","BMPR1A","hurdle",3.48158543741923e-07,-2.859091,-2.30312,0.555971,0.525
"110","B4GALNT1","hurdle",9.01367750491369e-09,-3.262685,-2.699346,0.563339,0.525
"1068","SPTB","hurdle",3.29932990067023e-11,-3.312566,-2.686932,0.625634,0.524
"717","NCF2","hurdle",6.35151636041837e-06,-3.078271,-2.558972,0.519299,0.524
"586","LAMA3","hurdle",6.78016424269248e-05,-2.637869,-2.069259,0.56861,0.524
"235","CMTM5","hurdle",5.02418286385174e-10,-3.311239,-2.758404,0.552835,0.524
"224","CHRDL1","hurdle",4.68200966545327e-06,-3.074998,-2.404743,0.670255,0.524
"1166","TSPAN8","hurdle",1.29353459090567e-09,-3.193174,-2.596734,0.59644,0.523
"988","SEMA6D","hurdle",0.000332795258264863,-3.115397,-2.605616,0.509781,0.523
"579","KIZ","hurdle",3.00985254656316e-06,-2.594431,-2.032814,0.561617,0.523
"414","FJX1","hurdle",1.91984217520408e-05,-3.139759,-2.605762,0.533997,0.523
"208","CDCA7L","hurdle",0.000336025605474027,-3.005347,-2.491302,0.514045,0.523
"1200","WDR86","hurdle",4.10607490270602e-06,-2.980372,-2.443851,0.536521,0.522
"1184","USP2","hurdle",6.15541124665801e-06,-3.221412,-2.701025,0.520387,0.522
"289","CXCL9","hurdle",0.00313609071236913,-2.81968,-2.12259,0.69709,0.522
"127","BST1","hurdle",5.47432749152462e-05,-3.02457,-2.519629,0.504941,0.522
"125","BRSK2","hurdle",5.5447218593341e-10,-3.28887,-2.722451,0.566419,0.522
"114","BBS10","hurdle",1.24101605731387e-09,-3.111487,-2.595587,0.5159,0.522
"1139","TMEM51","hurdle",4.83340282445072e-08,-2.910553,-2.298036,0.612517,0.521
"654","MCM10","hurdle",3.547474371979e-09,-3.282585,-2.704928,0.577657,0.521
"250","COL25A1","hurdle",8.13703443312268e-08,-3.286492,-2.678947,0.607545,0.521
"947","RP11-1094M14.11","hurdle",4.87965523327192e-06,-2.603211,-2.05645,0.546761,0.52
"913","RASSF8-AS1","hurdle",8.23125382346174e-05,-3.03842,-2.525381,0.513039,0.52
"882","PTGER1","hurdle",3.51414261888989e-06,-3.284463,-2.749202,0.535261,0.52
"792","PCP4L1","hurdle",6.68553882562604e-09,-3.279312,-2.640214,0.639098,0.52
"661","MGAT3","hurdle",1.34318062609744e-07,-3.241,-2.73127,0.50973,0.52
"636","MAMSTR","hurdle",2.41729743337777e-07,-3.072904,-2.548853,0.524051,0.52
"284","CTNNA3","hurdle",4.68890080662604e-10,-3.308329,-2.743156,0.565173,0.52
"976","SCN3A","hurdle",5.04567995018373e-08,-3.310187,-2.807557,0.50263,0.519
"7","AC017002.2","hurdle",3.78800040766197e-07,-3.079829,-2.365875,0.713954,0.519
"511","HSPA12A","hurdle",1.83576136479418e-07,-3.181608,-2.653696,0.527912,0.518
"172","CARKD","hurdle",4.07029318832368e-07,-2.731445,-2.209544,0.521901,0.517
"865","PPP1R1A","hurdle",1.66451122574922e-06,-3.184829,-2.68169,0.503139,0.516
"741","NKAPL","hurdle",9.21610367472104e-07,-3.234037,-2.716653,0.517384,0.516
"191","CCL13","hurdle",6.78230632614608e-05,-3.245821,-2.677999,0.567822,0.516
"220","CH25H","hurdle",0.00182739160868422,-2.572449,-1.978954,0.593495,0.514
"233","CLSTN2","hurdle",1.31085965190038e-07,-2.860028,-2.260593,0.599435,0.511
