"","Gene","test.type","p_value","log2.mean.Cluster_Other","log2.mean.T_cells","log2fold_change","Auc"
"513","SRGN","hurdle",0,-0.6295087,1.7050836,2.3345923,0.918
"136","CXCR4","hurdle",0,-1.543728,1.674564,3.218292,0.905
"50","B2M","hurdle",3.71851792560728e-243,1.854338,2.410641,0.556303,0.897
"542","TMSB4X","hurdle",9.1437915162437e-195,1.702854,2.259432,0.556578,0.863
"417","PTPRC","hurdle",0,-2.3791964,0.9097826,3.288979,0.849
"98","CD52","hurdle",0,-2.401298,0.965729,3.367027,0.835
"269","IL7R","hurdle",0,-2.951108,1.131526,4.082634,0.833
"57","BTG1","hurdle",1.15547397687983e-293,0.6839015,1.552239,0.8683375,0.808
"90","CD3D","hurdle",0,-3.2061097,0.6209042,3.8270139,0.799
"84","CD2","hurdle",0,-3.2084836,0.5757565,3.7842401,0.793
"467","RPS29","hurdle",0,0.7382675,1.5531172,0.8148497,0.788
"438","RGS1","hurdle",3.45338782906505e-281,-1.7733149,0.9946228,2.7679377,0.785
"101","CD69","hurdle",5.31061281401839e-319,-2.411483,0.846905,3.258388,0.783
"572","TSC22D3","hurdle",1.1172168187648e-310,0.1357454,1.3035711,1.1678257,0.77
"141","CYTIP","hurdle",1.64925343125092e-313,-2.6467193,0.5041565,3.1508758,0.767
"544","TNFAIP3","hurdle",1.08971931737689e-294,-1.3437938,0.8717135,2.2155073,0.763
"126","CREM","hurdle",3.98859195887638e-320,-1.5222195,0.8384922,2.3607117,0.762
"556","TRAC","hurdle",7.88135185514944e-313,-2.9881113,0.4606089,3.4487202,0.749
"41","ARHGDIB","hurdle",1.20434013520909e-258,-0.2809819,0.9384967,1.2194786,0.749
"76","CCL5","hurdle",0,-2.8561606,0.7569297,3.6130903,0.748
"242","HSPA8","hurdle",3.09221071945307e-187,0.8880891,1.4558724,0.5677833,0.747
"268","IL32","hurdle",3.45092530250304e-252,-1.5210375,0.6842658,2.2053033,0.74
"91","CD3E","hurdle",4.2962117215747e-312,-3.2351059,0.2307937,3.4658996,0.74
"471","S100A4","hurdle",1.52691007337505e-156,-0.3411439,1.0722361,1.41338,0.736
"157","DUSP2","hurdle",2.43155888021453e-207,-1.4993664,0.7416203,2.2409867,0.719
"193","FYB","hurdle",1.37526769731902e-204,-2.4484858,0.1726929,2.6211787,0.718
"475","SAMSN1","hurdle",5.6549351279003e-239,-2.87455277,0.09078337,2.96533614,0.712
"594","ZFP36L2","hurdle",3.16421950745127e-161,0.5001711,1.2762259,0.7760548,0.709
"522","STK4","hurdle",2.57412763299802e-254,-1.6223061,0.4450973,2.0674034,0.709
"267","IL2RG","hurdle",4.87703495606289e-224,-2.72109325,0.06160443,2.78269768,0.706
"159","ELF1","hurdle",6.0844791583852e-248,-1.0243289,0.5600113,1.5843402,0.705
"562","TRBC2","hurdle",7.67499811539512e-244,-3.09892442,0.08283319,3.18175761,0.704
"56","BIRC3","hurdle",1.19398388506033e-190,-1.5880678,0.4590121,2.0470799,0.702
"99","CD53","hurdle",7.27621553721148e-181,-2.48563522,-0.02895578,2.45667944,0.695
"597","ZNF331","hurdle",1.51087680901837e-178,-1.6439547,0.3755356,2.0194903,0.692
"96","CD48","hurdle",1.33196647037172e-189,-2.70716382,-0.08808963,2.61907419,0.689
"300","LAPTM5","hurdle",1.91541328839923e-139,-1.7429019,0.1377751,1.880677,0.688
"561","TRBC1","hurdle",2.41239066764148e-230,-3.234131315,-0.009900855,3.22423046,0.687
"236","HLA-B","hurdle",1.05144232654702e-82,1.068567,1.576285,0.507718,0.686
"436","RGCC","hurdle",8.33843758382204e-145,-1.412666,0.481497,1.894163,0.685
"123","CORO1A","hurdle",1.14315464801451e-173,-2.48649761,-0.03124032,2.45525729,0.683
"514","SRSF7","hurdle",3.16872136201504e-213,-0.06168651,0.77524121,0.83692772,0.682
"424","RAC2","hurdle",1.66146733661271e-193,-2.51277248,-0.05601775,2.45675473,0.68
"496","SLA","hurdle",1.02431632848936e-197,-2.9600358,-0.1180161,2.8420197,0.678
"208","GMFG","hurdle",6.16150479640053e-150,-1.602245,0.1358754,1.7381204,0.677
"441","RHOH","hurdle",3.34567797822454e-178,-2.5247721,-0.05957187,2.46520023,0.676
"521","STK17B","hurdle",4.76879396797989e-184,-2.35251638,-0.08675727,2.26575911,0.672
"12","ACAP1","hurdle",1.548937028207e-182,-2.9127657,-0.2951508,2.6176149,0.672
"588","YPEL5","hurdle",1.16680281595303e-240,-0.7364238,0.5676294,1.3040532,0.67
"273","ISG20","hurdle",2.49518643590237e-183,-1.6611047,0.1949317,1.8560364,0.665
"398","PPP2R5C","hurdle",4.51737292788189e-217,-1.8542058,0.1021621,1.9563679,0.664
"150","DNAJA1","hurdle",2.10103412936661e-182,0.34736,1.00655,0.65919,0.664
"89","CD37","hurdle",1.07109830075247e-122,-2.1483647,-0.1694771,1.9788876,0.664
"232","HCST","hurdle",3.63216982982816e-157,-2.671681,-0.215504,2.456177,0.662
"194","FYN","hurdle",4.3753732820326e-170,-2.45256,-0.2099294,2.2426306,0.662
"92","CD3G","hurdle",1.82190127167484e-199,-3.2633101,-0.4289113,2.8343988,0.662
"102","CD7","hurdle",1.00383811053909e-189,-3.1594542,-0.2428061,2.9166481,0.661
"129","CST7","hurdle",4.21500114753449e-177,-3.1445372,-0.2688251,2.8757121,0.656
"21","ALOX5AP","hurdle",3.42752961015973e-128,-2.4887791,-0.2058649,2.2829142,0.655
"466","RPS20","hurdle",4.88791529805908e-101,0.5562739,1.1722552,0.6159813,0.653
"117","CLEC2D","hurdle",1.26499818013084e-176,-2.7847749,-0.2715881,2.5131868,0.653
"106","CD96","hurdle",1.91806262740517e-179,-3.2472025,-0.5377968,2.7094057,0.651
"356","NKG7","hurdle",7.88697020177137e-181,-3.19307337,-0.08497149,3.10810188,0.649
"24","ANXA1","hurdle",1.78183137972025e-110,-0.3298505,0.7453593,1.0752098,0.649
"290","KLRB1","hurdle",5.22561590913866e-184,-3.2622561,-0.1996688,3.0625873,0.648
"476","SARAF","hurdle",1.84636666539537e-225,0.2903235,0.8340042,0.5436807,0.646
"525","SYTL3","hurdle",1.65481500172211e-168,-3.0465778,-0.3948879,2.6516899,0.644
"223","GZMA","hurdle",8.17083019257422e-174,-3.2034303,-0.2462077,2.9572226,0.643
"308","LEPROTL1","hurdle",1.0326411274728e-188,-1.3546369,0.1432283,1.4978652,0.641
"304","LCP1","hurdle",4.2177387438583e-130,-2.446208,-0.3416131,2.1045949,0.641
"465","RPS10","hurdle",1.03295904220326e-121,0.02079025,0.67621279,0.65542254,0.634
"526","TAGAP","hurdle",5.01787796093956e-120,-2.7443428,-0.4630054,2.2813374,0.633
"226","GZMK","hurdle",2.77895228806309e-161,-3.24071,-0.298881,2.941829,0.632
"490","SH3BGRL3","hurdle",5.43781829933883e-152,0.3207695,0.8468136,0.5260441,0.63
"470","RUNX3","hurdle",1.25885108836751e-138,-3.095093,-0.666453,2.42864,0.629
"577","TUBA4A","hurdle",4.08976089116096e-149,-1.9893828,-0.1380532,1.8513296,0.627
"327","LTB","hurdle",1.1392869707553e-112,-2.7095206,-0.4012044,2.3083162,0.626
"306","LDHB","hurdle",2.14573761677347e-108,-0.7854152,0.2043749,0.9897901,0.626
"303","LCK","hurdle",6.08505200330268e-146,-3.2285058,-0.7912515,2.4372543,0.626
"279","ITK","hurdle",1.60272573688217e-146,-3.2717046,-0.7444886,2.527216,0.625
"74","CCL4","hurdle",2.74584415045457e-98,-2.0290945,0.3014813,2.3305758,0.624
"214","GPR171","hurdle",9.26210397185274e-141,-3.295738,-0.67065,2.625088,0.618
"79","CCNH","hurdle",2.05339309169357e-151,-1.59136011,-0.04778968,1.54357043,0.618
"132","CTSW","hurdle",1.34978096011885e-138,-3.2565001,-0.6143285,2.6421716,0.617
"216","GPR183","hurdle",2.33075316386652e-78,-2.2437443,-0.4143422,1.8294021,0.616
"512","SPOCK2","hurdle",6.50583266945764e-119,-3.057526,-0.850699,2.206827,0.614
"109","CELF2","hurdle",7.33629075613432e-98,-2.3076172,-0.5568438,1.7507734,0.614
"518","STAT4","hurdle",2.12480036274797e-127,-3.2253349,-0.8118227,2.4135122,0.613
"245","ICOS","hurdle",5.61070482208587e-138,-3.3140673,-0.8099016,2.5041657,0.613
"378","PDE4B","hurdle",1.76817141408409e-109,-2.0505058,-0.4021033,1.6484025,0.611
"535","TIGIT","hurdle",7.56957493651368e-128,-3.2757691,-0.7749882,2.5007809,0.61
"217","GPR65","hurdle",4.86839889653652e-96,-2.8517622,-0.7724497,2.0793125,0.61
"361","NR4A2","hurdle",2.79539130552051e-98,-0.5776694,0.3683255,0.9459949,0.609
"95","CD44","hurdle",1.91177794436074e-138,-0.5427263,0.2583112,0.8010375,0.608
"17","AIM1","hurdle",3.64582055296643e-125,-2.3942041,-0.4974055,1.8967986,0.608
"488","SH2D1A","hurdle",5.27816388694753e-123,-3.2833794,-0.9138078,2.3695716,0.606
"219","GPSM3","hurdle",2.62403305559868e-100,-2.2954436,-0.5989403,1.6965033,0.605
"559","TRAT1","hurdle",3.64127412949943e-120,-3.2877351,-0.9184079,2.3693272,0.604
"309","LIMD2","hurdle",2.17272894313291e-87,-2.4428795,-0.6948428,1.7480367,0.603
"143","DDX24","hurdle",7.4371499368868e-167,-0.6137854,0.2250574,0.8388428,0.603
"116","CLEC2B","hurdle",5.13300861355075e-103,-1.35439725,-0.08015446,1.27424279,0.603
"439","RGS2","hurdle",2.53795290232377e-63,-1.6531869,-0.2710436,1.3821433,0.602
"414","PTPN22","hurdle",5.75412509916222e-102,-3.139563,-0.9571661,2.1823969,0.6
"276","ITGB2","hurdle",8.72255392922939e-66,-2.4008498,-0.8028398,1.59801,0.599
"86","CD247","hurdle",2.17404056119729e-115,-3.292431,-1.091799,2.200632,0.598
"36","ARHGAP15","hurdle",7.32751640935737e-82,-2.5499925,-0.7893372,1.7606553,0.598
"501","SLC2A3","hurdle",3.16765770763988e-43,-0.75394977,0.07750819,0.83145796,0.597
"172","EZR","hurdle",5.19578942748119e-116,-0.3370604,0.3728999,0.7099603,0.597
"293","KLRD1","hurdle",4.00631932467883e-113,-3.234282,-0.820313,2.413969,0.595
"170","EVI2B","hurdle",3.7436365613017e-78,-2.8179185,-0.9518882,1.8660303,0.595
"325","LSP1","hurdle",1.89481016430068e-53,-1.9152211,-0.6029712,1.3122499,0.594
"168","ETS1","hurdle",7.77399731442113e-74,-2.1999102,-0.7234025,1.4765077,0.594
"44","ARL4C","hurdle",1.12890654764563e-86,-2.5030118,-0.8005661,1.7024457,0.593
"209","GNG2","hurdle",1.14728677395862e-84,-2.948798,-1.01104,1.937758,0.592
"124","COTL1","hurdle",4.41053032120695e-62,-1.3744308,-0.2360215,1.1384093,0.592
"121","CNOT6L","hurdle",1.07315325050417e-114,-2.003052,-0.487761,1.515291,0.592
"482","SELL","hurdle",5.38690906908759e-85,-2.8811737,-0.9004009,1.9807728,0.591
"481","SELK","hurdle",2.62245153866061e-146,-0.203225,0.3975291,0.6007541,0.591
"40","ARHGAP9","hurdle",2.07381381519694e-86,-3.073087,-1.108701,1.964386,0.591
"205","GLIPR1","hurdle",3.94541666186195e-71,-2.0941053,-0.6419068,1.4521985,0.589
"83","CCR7","hurdle",2.47006003605269e-74,-2.8467508,-0.8982636,1.9484872,0.589
"108","CDC42SE2","hurdle",2.39181934612062e-105,-2.146201,-0.578187,1.568014,0.588
"385","PIK3IP1","hurdle",1.30160500085836e-105,-2.3629958,-0.7135607,1.6494351,0.587
"238","HMGB2","hurdle",3.91946565816708e-121,-1.20127137,-0.04632363,1.15494774,0.586
"280","ITM2A","hurdle",2.2062480805299e-46,-1.246474,-0.264935,0.981539,0.585
"227","GZMM","hurdle",6.16114387557278e-98,-3.280458,-1.227224,2.053234,0.585
"87","CD27","hurdle",2.06751631922039e-82,-3.103093,-1.13359,1.969503,0.585
"55","BIN2","hurdle",4.93525195357714e-82,-3.094492,-1.188106,1.906386,0.585
"586","XCL1","hurdle",1.11166882344023e-97,-3.2993316,-0.8097498,2.4895818,0.584
"288","KIAA1551","hurdle",4.9033285528157e-92,-1.9614297,-0.5704743,1.3909554,0.584
"399","PRDM1","hurdle",2.2989610231412e-77,-2.6134208,-0.8765406,1.7368802,0.583
"255","IKZF1","hurdle",2.02100955227249e-78,-3.056976,-1.222206,1.83477,0.583
"505","SMAP2","hurdle",2.83338239554819e-84,-2.4699353,-0.8821195,1.5878158,0.582
"369","PARP8","hurdle",4.54048271099518e-93,-2.7911884,-0.9731948,1.8179936,0.582
"251","IFNG","hurdle",3.11749831749654e-95,-3.2924058,-0.8210802,2.4713256,0.582
"243","HSPH1","hurdle",2.84402394857707e-95,-0.3171179,0.4518732,0.7689911,0.582
"169","EVI2A","hurdle",7.01331077719384e-77,-2.968557,-1.130359,1.838198,0.582
"32","APOBEC3G","hurdle",6.48502115041499e-95,-2.6823887,-0.9327628,1.7496259,0.582
"587","XCL2","hurdle",1.00348456382302e-91,-3.2942662,-0.9414912,2.352775,0.581
"528","TBC1D10C","hurdle",4.6386193536809e-77,-3.148426,-1.329563,1.818863,0.581
"446","RORA","hurdle",9.98558674493706e-109,-2.1101599,-0.6134314,1.4967285,0.581
"365","OXNAD1","hurdle",9.37191517106116e-93,-2.950265,-1.074763,1.875502,0.581
"271","IPCEF1","hurdle",3.46759622470408e-93,-3.272815,-1.258278,2.014537,0.581
"231","HCLS1","hurdle",1.36469848320862e-60,-2.2638342,-0.8629018,1.4009324,0.581
"104","CD8A","hurdle",4.80831390780432e-94,-3.258404,-1.057672,2.200732,0.58
"100","CD6","hurdle",5.54913887193036e-89,-3.26677,-1.34653,1.92024,0.58
"16","ADGRE5","hurdle",6.43172907110446e-69,-2.4285125,-0.8947501,1.5337624,0.58
"585","WIPF1","hurdle",2.03870435790588e-66,-2.25894,-0.845213,1.413727,0.579
"520","STK17A","hurdle",6.6390639088033e-87,-1.9957346,-0.6301258,1.3656088,0.579
"449","RP11-138A9.2","hurdle",2.77486402509645e-84,-2.0938802,-0.6480384,1.4458418,0.579
"435","REL","hurdle",5.11489645374572e-122,-0.91245009,0.05923958,0.97168967,0.579
"171","EVL","hurdle",4.74228766744525e-104,-1.0828394,-0.1735902,0.9092492,0.579
"489","SH2D2A","hurdle",3.68122367096331e-83,-3.203595,-1.324651,1.878944,0.578
"412","PTGER4","hurdle",3.7693319106598e-69,-2.654966,-0.9963895,1.6585765,0.578
"366","P2RY10","hurdle",4.16645485848001e-72,-3.147081,-1.317573,1.829508,0.577
"154","DOK2","hurdle",3.98822358216202e-73,-3.118742,-1.307757,1.810985,0.577
"258","IL10RA","hurdle",2.18857950031262e-61,-2.898344,-1.236763,1.661581,0.575
"301","LAT","hurdle",9.7629995657365e-80,-3.101425,-1.330287,1.771138,0.574
"43","ARID5B","hurdle",7.99098541041822e-86,-0.6270159,0.1169172,0.7439331,0.574
"558","TRAF3IP3","hurdle",5.72528228776738e-70,-3.083224,-1.347097,1.736127,0.573
"445","RNF19A","hurdle",3.93597833891944e-125,-1.448909,-0.2758245,1.1730845,0.572
"506","SMCHD1","hurdle",1.05428146395911e-95,-1.5741048,-0.4097673,1.1643375,0.571
"153","DOCK8","hurdle",1.11436284479223e-54,-2.574578,-1.149607,1.424971,0.571
"105","CD8B","hurdle",1.77673080973678e-78,-3.262593,-1.295397,1.967196,0.571
"420","PYHIN1","hurdle",3.38738687681388e-85,-3.289282,-1.452935,1.836347,0.57
"311","LINC-PINT","hurdle",8.6414189952191e-84,-1.8022234,-0.5099484,1.292275,0.57
"211","GPBP1","hurdle",1.86762397681483e-132,-0.62988669,0.06258154,0.69246823,0.57
"486","SEPT6","hurdle",4.89665325476908e-82,-1.9109117,-0.6540141,1.2568976,0.569
"131","CTLA4","hurdle",2.86870830006973e-81,-3.281413,-1.290241,1.991172,0.569
"65","CARD16","hurdle",2.88609713553654e-72,-2.0643289,-0.6927698,1.3715591,0.569
"210","GNLY","hurdle",7.96345251220494e-83,-3.0663256,-0.6051486,2.461177,0.568
"160","EMB","hurdle",3.32881233127941e-87,-2.5967849,-0.9965053,1.6002796,0.568
"224","GZMB","hurdle",4.41075787953101e-66,-3.117531,-1.062821,2.05471,0.567
"7","AC016831.7","hurdle",1.96832852460553e-70,-2.925525,-1.217171,1.708354,0.567
"540","TMEM2","hurdle",9.19236009691937e-65,-1.6753477,-0.5863218,1.0890259,0.566
"416","PTPN7","hurdle",4.39713566934888e-64,-3.158662,-1.488748,1.669914,0.566
"198","GBP5","hurdle",7.18703917006009e-62,-3.047235,-1.410753,1.636482,0.565
"30","APBB1IP","hurdle",1.8366424783634e-51,-2.915753,-1.457245,1.458508,0.565
"53","BCL11B","hurdle",8.68725814960747e-71,-3.255284,-1.564422,1.690862,0.564
"225","GZMH","hurdle",1.55784565379164e-72,-3.310172,-1.237128,2.073044,0.562
"592","ZC3HAV1","hurdle",1.40357181019205e-83,-1.2632235,-0.3385702,0.9246533,0.561
"386","PIK3R1","hurdle",4.42075012877707e-83,-1.6009385,-0.4671589,1.1337796,0.561
"257","IKZF3","hurdle",7.05870563082635e-62,-3.224417,-1.590698,1.633719,0.561
"221","GTF2B","hurdle",3.31780301956585e-91,-1.4503715,-0.4465655,1.003806,0.56
"177","FAM46C","hurdle",1.1121083130998e-71,-2.3137932,-0.9400954,1.3736978,0.56
"88","CD28","hurdle",5.06957061883265e-69,-3.301358,-1.596052,1.705306,0.56
"23","ANKRD44","hurdle",2.73814065462833e-51,-2.83046,-1.353729,1.476731,0.559
"570","TRGC2","hurdle",1.28366573871885e-64,-3.304762,-1.546751,1.758011,0.558
"485","SEPT1","hurdle",1.22669774941931e-57,-2.673252,-1.308009,1.365243,0.558
"390","PLAC8","hurdle",1.44917076230582e-46,-3.018585,-1.51407,1.504515,0.558
"360","NR3C1","hurdle",4.92290019738093e-87,-1.3374709,-0.3620965,0.9753744,0.558
"94","CD40LG","hurdle",1.8224000395644e-66,-3.296746,-1.50739,1.789356,0.558
"550","TNFRSF9","hurdle",1.06074961001657e-65,-3.265988,-1.500658,1.76533,0.557
"113","CKLF","hurdle",8.13832026310769e-72,-1.9671864,-0.7596135,1.2075729,0.557
"75","CCL4L2","hurdle",2.08490904249973e-36,-2.3539918,-0.7204722,1.6335196,0.557
"589","ZAP70","hurdle",1.06706519619094e-59,-3.301333,-1.818198,1.483135,0.556
"510","SP140","hurdle",4.02117828040596e-49,-3.123735,-1.61597,1.507765,0.556
"403","PRKCH","hurdle",1.67478901676821e-56,-2.323362,-1.101357,1.222005,0.556
"127","CRTAM","hurdle",3.0634055806108e-59,-3.244789,-1.445151,1.799638,0.556
"409","PSTPIP1","hurdle",3.31230566790973e-57,-3.209867,-1.66302,1.546847,0.555
"323","LPXN","hurdle",8.7093659595698e-45,-2.814831,-1.475276,1.339555,0.555
"316","LINC00861","hurdle",1.73857959108824e-62,-3.31528,-1.683612,1.631668,0.555
"266","IL2RB","hurdle",8.90416401928597e-65,-3.286834,-1.726138,1.560696,0.555
"158","DUSP4","hurdle",6.29415331694569e-64,-0.67999914,0.03494743,0.71494657,0.555
"480","SCML4","hurdle",4.64402687850998e-54,-3.245843,-1.715413,1.53043,0.554
"63","CAMK4","hurdle",8.08158628326373e-61,-3.284811,-1.744975,1.539836,0.554
"547","TNFRSF1B","hurdle",5.71478383915692e-54,-2.162372,-1.022142,1.14023,0.553
"509","SOCS1","hurdle",1.07709867315691e-67,-1.974941,-0.8141548,1.1607862,0.553
"495","SKAP1","hurdle",4.23113893006917e-77,-2.424205,-1.086622,1.337583,0.553
"448","RP11-138A9.1","hurdle",9.910574662037e-80,-2.2324002,-0.9149435,1.3174567,0.553
"178","FAM65B","hurdle",4.10822540758114e-48,-2.980648,-1.567553,1.413095,0.553
"20","AKNA","hurdle",5.12804493503378e-49,-2.662818,-1.354211,1.308607,0.553
"9","AC092580.4","hurdle",2.7543649336176e-59,-3.300895,-1.732332,1.568563,0.553
"473","SAMD3","hurdle",1.02777348905648e-54,-3.285315,-1.80426,1.481055,0.552
"118","CLK1","hurdle",6.45748415480049e-111,-0.8167437,-0.1248046,0.6919391,0.552
"22","AMD1","hurdle",1.04844828898115e-84,-1.052201,-0.2842607,0.7679403,0.551
"599","ZNF683","hurdle",3.06163037427031e-58,-3.309935,-1.663571,1.646364,0.55
"400","PRF1","hurdle",3.84514350910094e-58,-3.302968,-1.697811,1.605157,0.55
"363","OASL","hurdle",5.84374649095377e-45,-2.706166,-1.320762,1.385404,0.55
"162","EMP3","hurdle",1.98557204995216e-35,-1.3568883,-0.5616913,0.795197,0.55
"52","BCAS2","hurdle",1.29944882950783e-82,-1.5286821,-0.5180003,1.0106818,0.55
"71","CCDC64","hurdle",3.21837611887803e-54,-3.087057,-1.754295,1.332762,0.549
"427","RASAL3","hurdle",1.22418845903148e-41,-3.024146,-1.794321,1.229825,0.548
"487","SERPINB9","hurdle",4.97541289486157e-42,-2.490445,-1.28573,1.204715,0.547
"440","RHOF","hurdle",2.52359379001633e-47,-2.974274,-1.632676,1.341598,0.547
"336","MBP","hurdle",3.01206473293994e-44,-2.603165,-1.388851,1.214314,0.547
"34","ARAP2","hurdle",8.32938728554279e-46,-2.870697,-1.55973,1.310967,0.547
"19","AKAP13","hurdle",2.22226622696719e-54,-1.1054248,-0.4105174,0.6949074,0.547
"584","WAS","hurdle",2.28055044002191e-32,-2.946371,-1.750989,1.195382,0.546
"493","SIRPG","hurdle",7.00779494402231e-55,-3.321928,-1.898284,1.423644,0.546
"335","MBNL1","hurdle",1.45219738244459e-67,-1.2020087,-0.4465921,0.7554166,0.546
"329","LYAR","hurdle",4.58116399069233e-75,-2.212821,-0.950747,1.262074,0.546
"186","FKBP5","hurdle",1.48593706300226e-68,-1.8905877,-0.8647546,1.0258331,0.546
"188","FMNL1","hurdle",4.06984116255713e-38,-2.880839,-1.660028,1.220811,0.545
"531","TCF7","hurdle",3.13629674862025e-56,-2.549851,-1.299516,1.250335,0.544
"452","RP11-291B21.2","hurdle",1.23206801258177e-53,-3.317656,-1.711463,1.606193,0.544
"388","PIM2","hurdle",3.05091491204609e-49,-2.559344,-1.283264,1.27608,0.544
"274","ITGA4","hurdle",4.04815834200422e-35,-2.887979,-1.642876,1.245103,0.544
"249","IFI16","hurdle",1.81115176769962e-40,-0.7809988,-0.2701833,0.5108155,0.544
"527","TANK","hurdle",1.37512295832845e-85,-1.621692,-0.599003,1.022689,0.543
"253","IGLC2","hurdle",3.41629523845285e-29,-1.5347197,-0.7458336,0.7888861,0.543
"173","FAM107B","hurdle",4.49547783799144e-66,-1.8560829,-0.8397093,1.0163736,0.543
"567","TRDC","hurdle",6.22583291493361e-47,-3.287614,-1.66929,1.618324,0.542
"537","TMC8","hurdle",2.42072737524209e-36,-3.141014,-1.915627,1.225387,0.542
"511","SPN","hurdle",1.93018474124959e-40,-3.186658,-1.92238,1.264278,0.542
"429","RASGRP1","hurdle",9.30844169803459e-39,-3.143225,-1.916065,1.22716,0.542
"373","PBX4","hurdle",2.00700082108914e-43,-3.242299,-1.95368,1.288619,0.542
"345","MRPL1","hurdle",2.15823284896815e-70,-2.277413,-1.002729,1.274684,0.542
"161","EML4","hurdle",7.39868409718456e-75,-1.6564934,-0.6947598,0.9617336,0.542
"103","CD84","hurdle",3.61250324755026e-29,-2.916075,-1.75801,1.158065,0.542
"545","TNFAIP8","hurdle",2.22107106673855e-45,-2.280005,-1.230556,1.049449,0.541
"532","TESPA1","hurdle",4.0542117128682e-46,-3.306728,-2.006779,1.299949,0.541
"483","SELPLG","hurdle",7.20215186329542e-36,-3.018084,-1.748526,1.269558,0.541
"218","GPRIN3","hurdle",5.17659782136408e-33,-2.918104,-1.755194,1.16291,0.541
"203","GIMAP7","hurdle",3.41956715195268e-16,-1.542001,-0.873621,0.66838,0.541
"189","FNBP1","hurdle",9.32026644730599e-55,-2.0031476,-0.9749103,1.0282373,0.541
"135","CXCR3","hurdle",1.02180553415078e-39,-3.257674,-2.013503,1.244171,0.541
"578","TXK","hurdle",4.74603322686822e-48,-3.32001,-1.981355,1.338655,0.54
"502","SLC7A5","hurdle",2.00140070621326e-37,-2.557241,-1.465009,1.092232,0.54
"443","RNF125","hurdle",5.73000797199349e-54,-2.541648,-1.344458,1.19719,0.54
"389","PIP4K2A","hurdle",6.6191118936764e-44,-2.606443,-1.473824,1.132619,0.54
"377","PDE3B","hurdle",2.36595789654472e-41,-3.269254,-2.056159,1.213095,0.54
"295","KLRG1","hurdle",3.87958930582116e-42,-3.174117,-1.876093,1.298024,0.54
"145","DEF6","hurdle",4.94047627336086e-43,-2.821251,-1.619377,1.201874,0.54
"137","CXCR6","hurdle",1.98129008011965e-45,-3.311571,-1.868867,1.442704,0.54
"82","CCR6","hurdle",3.83101036056292e-41,-3.160442,-1.787071,1.373371,0.54
"77","CCND2","hurdle",5.17267823477666e-32,-2.391702,-1.404077,0.987625,0.54
"419","PTTG1","hurdle",1.60616120847298e-32,-2.685534,-1.542075,1.143459,0.539
"291","KLRC1","hurdle",5.61366686135933e-46,-3.312688,-1.757952,1.554736,0.539
"97","CD5","hurdle",3.96048831524709e-40,-3.299567,-2.08905,1.210517,0.539
"70","CBLB","hurdle",1.29548488100977e-58,-2.0402604,-0.9699311,1.0703293,0.539
"61","BTN3A2","hurdle",1.18318232529634e-55,-2.151624,-1.101195,1.050429,0.539
"498","SLAMF1","hurdle",1.68525296829433e-35,-3.172562,-1.958968,1.213594,0.538
"454","RP11-347P5.1","hurdle",3.66799238288811e-39,-3.240466,-2.097423,1.143043,0.538
"362","NR4A3","hurdle",1.64692908009629e-22,-2.102011,-1.176575,0.925436,0.538
"312","LINC00152","hurdle",1.9714759779691e-46,-1.4880433,-0.6756775,0.8123658,0.538
"534","THEMIS","hurdle",3.70405921530505e-40,-3.308874,-2.079846,1.229028,0.537
"497","SLA2","hurdle",3.5161775027553e-36,-3.271643,-2.107914,1.163729,0.537
"315","LINC00649","hurdle",1.19289742621122e-37,-3.073425,-1.906204,1.167221,0.537
"305","LCP2","hurdle",4.88322607235726e-28,-2.71578,-1.642964,1.072816,0.537
"62","C16orf54","hurdle",2.01034373766602e-36,-3.238449,-2.028439,1.21001,0.537
"51","BATF","hurdle",6.64735161171131e-53,-2.0914072,-0.9051825,1.1862247,0.537
"4","AC006129.2","hurdle",2.34791496060965e-32,-3.17479,-1.992842,1.181948,0.537
"492","SH3KBP1","hurdle",1.36370366655479e-40,-2.106669,-1.175409,0.93126,0.536
"418","PTPRCAP","hurdle",3.18582906306858e-34,-3.203533,-1.879472,1.324061,0.536
"341","MIAT","hurdle",1.87850396627098e-32,-3.104729,-1.9222,1.182529,0.536
"302","LAX1","hurdle",1.04029929596558e-37,-3.256364,-2.060145,1.196219,0.536
"151","DOCK10","hurdle",2.42025696595871e-30,-2.824453,-1.763371,1.061082,0.536
"554","TOX","hurdle",2.23628812814734e-38,-3.284771,-2.087795,1.196976,0.535
"543","TNF","hurdle",6.37985553875432e-30,-2.440388,-1.272922,1.167466,0.535
"533","TGFB1","hurdle",2.43329119652865e-46,-1.7589168,-0.9602251,0.7986917,0.535
"248","IDS","hurdle",7.26087649266919e-76,-1.2957089,-0.5096731,0.7860358,0.535
"247","IDI1","hurdle",5.72823994021745e-90,-1.5296528,-0.6406924,0.8889604,0.535
"368","PAG1","hurdle",6.09556379730151e-32,-2.752784,-1.697468,1.055316,0.534
"68","CASP8","hurdle",7.85602374463507e-48,-2.675047,-1.51615,1.158897,0.534
"552","TNFSF8","hurdle",2.60108667129685e-35,-3.27886,-2.121076,1.157784,0.533
"479","SC5D","hurdle",1.90175840250156e-74,-2.133795,-1.021769,1.112026,0.533
"408","PSMB9","hurdle",5.86122923071317e-61,-0.9324608,-0.3717605,0.5607003,0.533
"334","MATK","hurdle",3.21984925742827e-32,-3.267459,-2.198666,1.068793,0.533
"283","JAML","hurdle",2.4750961170159e-22,-3.000707,-2.038311,0.962396,0.533
"275","ITGAL","hurdle",2.42045976179381e-27,-3.110956,-2.010875,1.100081,0.533
"197","GALM","hurdle",1.76960642585154e-39,-2.686688,-1.589415,1.097273,0.533
"130","CTD-2020K17.1","hurdle",7.54725273759213e-25,-3.142326,-2.179212,0.963114,0.533
"85","CD226","hurdle",1.60285457059027e-36,-3.276714,-2.167471,1.109243,0.533
"54","BIN1","hurdle",1.92377828569893e-32,-2.595,-1.594346,1.000654,0.533
"499","SLAMF6","hurdle",5.84652565416204e-37,-3.313383,-2.288901,1.024482,0.532
"278","ITGB7","hurdle",9.48764118356146e-27,-3.162111,-2.179262,0.982849,0.532
"430","RASSF5","hurdle",8.23091187984395e-30,-2.92153,-1.885724,1.035806,0.531
"402","PRKCB","hurdle",4.26146984915355e-23,-3.040939,-2.081193,0.959746,0.531
"371","PASK","hurdle",5.41232489974868e-32,-3.083128,-1.969946,1.113182,0.531
"352","NCR3","hurdle",8.94670061774823e-28,-3.226716,-2.142673,1.084043,0.531
"183","FERMT3","hurdle",8.65086099144823e-21,-2.8033,-1.924403,0.878897,0.531
"35","AREG","hurdle",2.98775941420411e-26,-1.2336646,-0.4970639,0.7366007,0.531
"11","AC133644.2","hurdle",2.82374889691113e-33,-3.200541,-2.015708,1.184833,0.531
"484","SEMA4D","hurdle",6.52844774287291e-29,-2.998213,-1.961801,1.036412,0.53
"458","RP11-51J9.5","hurdle",7.90921370985757e-34,-2.963263,-1.905992,1.057271,0.53
"375","PDCD1","hurdle",9.83593903813256e-36,-3.315109,-2.261809,1.0533,0.53
"370","PARVG","hurdle",3.42512008669406e-17,-2.931996,-2.085947,0.846049,0.53
"281","JAK3","hurdle",1.95502165122315e-30,-2.903076,-1.918748,0.984328,0.53
"246","ID2","hurdle",1.24917799395465e-63,-0.6331035,-0.1061888,0.5269147,0.53
"239","HOPX","hurdle",3.38727214790646e-37,-2.035401,-1.139711,0.89569,0.53
"494","SIT1","hurdle",8.00461798030486e-26,-3.221135,-2.281086,0.940049,0.528
"346","MYO1F","hurdle",2.03818428544304e-25,-2.850344,-1.90835,0.941994,0.528
"307","LEF1","hurdle",2.15487124088162e-28,-2.677526,-1.746453,0.931073,0.528
"138","CYFIP2","hurdle",7.28985926747797e-27,-2.906745,-1.919565,0.98718,0.528
"463","RP5-1171I10.5","hurdle",2.88440562793383e-17,-3.026851,-2.198249,0.828602,0.527
"387","PIM1","hurdle",5.33209362484434e-30,-2.463062,-1.574347,0.888715,0.527
"382","PGAP1","hurdle",3.88673519370534e-29,-2.982321,-1.93004,1.052281,0.527
"347","MYO1G","hurdle",7.21630818068621e-25,-3.17666,-2.268824,0.907836,0.527
"270","INPP5D","hurdle",1.17653548312164e-23,-2.840464,-1.88598,0.954484,0.527
"263","IL21R","hurdle",1.07018351745478e-24,-3.230805,-2.264756,0.966049,0.527
"181","FCMR","hurdle",7.55924164990739e-21,-2.764836,-1.869937,0.894899,0.527
"455","RP11-356I2.4","hurdle",1.27828954099899e-30,-3.122827,-2.081332,1.041495,0.526
"437","RGL4","hurdle",1.87955845443969e-31,-3.321928,-2.329345,0.992583,0.526
"392","PLIN2","hurdle",4.03008621274895e-42,-1.5412234,-0.7563224,0.784901,0.526
"339","MEI1","hurdle",4.60961140407199e-23,-3.193356,-2.296134,0.897222,0.526
"331","MAL","hurdle",3.54562359348936e-24,-3.265575,-2.35482,0.910755,0.526
"324","LRMP","hurdle",6.86103540921094e-22,-2.91889,-2.022737,0.896153,0.526
"272","IRF4","hurdle",2.36813610009633e-18,-3.105804,-2.199268,0.906536,0.526
"222","GYPC","hurdle",2.30888923552332e-27,-1.4721998,-0.8844161,0.5877837,0.526
"202","GIMAP4","hurdle",5.16089384092257e-20,-1.825837,-1.221016,0.604821,0.526
"146","DENND1C","hurdle",3.29271469312019e-22,-3.214747,-2.335535,0.879212,0.526
"112","CHST11","hurdle",1.29569055968446e-25,-2.814971,-1.958711,0.85626,0.526
"33","APOBEC3H","hurdle",4.80752240385426e-27,-3.272979,-2.271881,1.001098,0.526
"31","APOBEC3C","hurdle",5.35716249417731e-29,-2.711131,-1.780841,0.93029,0.526
"551","TNFSF14","hurdle",1.36771446307784e-23,-3.255448,-2.350792,0.904656,0.525
"541","TMEM71","hurdle",1.33927348590995e-25,-3.284918,-2.349259,0.935659,0.525
"503","SLFN12L","hurdle",1.00687342132772e-25,-3.23945,-2.322036,0.917414,0.525
"478","SATB1","hurdle",1.34680901226279e-27,-2.870738,-1.934168,0.93657,0.525
"333","MAP4K1","hurdle",7.8691239996665e-21,-3.19526,-2.301877,0.893383,0.525
"321","LPIN1","hurdle",3.75325715425091e-36,-2.39399,-1.469243,0.924747,0.525
"310","LIME1","hurdle",2.49031553529783e-24,-3.212644,-2.218717,0.993927,0.525
"287","KCNAB2","hurdle",1.56779918447068e-19,-3.041948,-2.211643,0.830305,0.525
"152","DOCK2","hurdle",4.86476380404296e-19,-3.087655,-2.276687,0.810968,0.525
"39","ARHGAP4","hurdle",1.54768368883652e-18,-2.688495,-1.8838,0.804695,0.525
"571","TRIM22","hurdle",7.34288199851408e-45,-1.971137,-1.138031,0.833106,0.524
"568","TRG-AS1","hurdle",5.29172621131356e-24,-3.253944,-2.379211,0.874733,0.524
"539","TMEM156","hurdle",5.08548825993855e-19,-3.12843,-2.333065,0.795365,0.524
"504","SLFN5","hurdle",3.54195245105965e-45,-2.026744,-1.202008,0.824736,0.524
"460","RP11-796E2.4","hurdle",4.66682981805759e-19,-2.740563,-1.901593,0.83897,0.524
"457","RP11-489E7.4","hurdle",1.49592619636657e-27,-3.202449,-2.315697,0.886752,0.524
"367","P2RY8","hurdle",1.87551568571236e-23,-3.221926,-2.276246,0.94568,0.524
"351","NCKAP1L","hurdle",5.75388442542401e-15,-2.953718,-2.182753,0.770965,0.524
"265","IL2RA","hurdle",1.09061490960132e-21,-3.219929,-2.218962,1.000967,0.524
"220","GRAP2","hurdle",6.32719694168767e-25,-3.289626,-2.421468,0.868158,0.524
"212","GPR132","hurdle",6.01712862372301e-22,-3.17599,-2.347038,0.828952,0.524
"37","ARHGAP25","hurdle",1.60594368575577e-19,-3.020257,-2.170534,0.849723,0.524
"555","TRABD2A","hurdle",2.44244647642583e-21,-3.198748,-2.369947,0.828801,0.523
"553","TNFSF9","hurdle",1.36068824472656e-17,-3.036979,-2.16845,0.868529,0.523
"548","TNFRSF25","hurdle",3.04081267832e-24,-3.078154,-2.204756,0.873398,0.523
"530","TBX21","hurdle",3.3079215413655e-23,-3.298581,-2.523144,0.775437,0.523
"411","PTGER2","hurdle",7.40203980058296e-22,-3.155803,-2.290898,0.864905,0.523
"259","IL12RB1","hurdle",3.23121630891361e-22,-3.218805,-2.37355,0.845255,0.523
"167","EPSTI1","hurdle",6.16803603024085e-21,-2.409077,-1.682156,0.726921,0.523
"164","EPC1","hurdle",1.43090059750396e-74,-0.9331972,-0.3519087,0.5812885,0.523
"10","AC104820.2","hurdle",1.27165753051692e-24,-3.305578,-2.434681,0.870897,0.523
"591","ZC3H12D","hurdle",2.02845536406759e-19,-3.25621,-2.488413,0.767797,0.522
"349","NCF1","hurdle",1.5778304929136e-10,-2.690862,-2.039109,0.651753,0.522
"328","LY9","hurdle",3.96639606142697e-14,-3.087382,-2.42005,0.667332,0.522
"244","ICAM3","hurdle",7.1040040885983e-53,-2.145135,-1.228613,0.916522,0.522
"67","CASP4","hurdle",1.59386561400669e-52,-1.769382,-1.014096,0.755286,0.522
"47","ATM","hurdle",6.53311245939687e-39,-2.179472,-1.328969,0.850503,0.522
"38","ARHGAP30","hurdle",4.71271680847572e-18,-2.959279,-2.160746,0.798533,0.522
"569","TRGC1","hurdle",1.44843964551652e-22,-3.291406,-2.448343,0.843063,0.521
"491","SH3BP1","hurdle",1.25636492355e-17,-2.88579,-2.088358,0.797432,0.521
"459","RP11-553L6.2","hurdle",4.4868258428062e-22,-3.295466,-2.420826,0.87464,0.521
"451","RP11-18H21.1","hurdle",1.21160568830583e-23,-3.313813,-2.541597,0.772216,0.521
"450","RP11-1399P15.1","hurdle",1.42974747230622e-22,-3.263266,-2.379473,0.883793,0.521
"433","RCAN3","hurdle",1.62274987152554e-37,-2.604765,-1.656056,0.948709,0.521
"423","RABGAP1L","hurdle",6.39566661965771e-42,-2.132234,-1.273193,0.859041,0.521
"372","PATL2","hurdle",6.80439499154881e-20,-3.159555,-2.284236,0.875319,0.521
"358","NLRC5","hurdle",5.2487625969094e-20,-2.833809,-2.04556,0.788249,0.521
"299","LAIR2","hurdle",2.31703002165679e-21,-3.310813,-2.478368,0.832445,0.521
"191","FOXP3","hurdle",2.32329651101983e-25,-3.317647,-2.375639,0.942008,0.521
"179","FAS","hurdle",1.81822165556632e-28,-2.542224,-1.735158,0.807066,0.521
"176","FAM159A","hurdle",2.05451670331509e-16,-3.246734,-2.472571,0.774163,0.521
"66","CASP1","hurdle",6.95491964794831e-21,-2.464967,-1.706152,0.758815,0.521
"6","AC013264.2","hurdle",1.54424440149151e-23,-3.321928,-2.583372,0.738556,0.521
"580","USP15","hurdle",2.28056289416552e-64,-1.6966801,-0.8708644,0.8258157,0.52
"523","STX11","hurdle",1.23870353365946e-12,-2.75379,-2.076406,0.677384,0.52
"469","RTKN2","hurdle",5.92488025629634e-31,-3.070469,-2.08667,0.983799,0.52
"453","RP11-325F22.2","hurdle",3.9770898897064e-12,-3.035812,-2.298131,0.737681,0.52
"404","PRKCQ","hurdle",1.12110901228294e-19,-3.298023,-2.592396,0.705627,0.52
"401","PRKACB","hurdle",4.91227644703987e-29,-2.642893,-1.742891,0.900002,0.52
"396","PPP1R2","hurdle",1.12816755541285e-100,-0.6864646,-0.1665008,0.5199638,0.52
"357","NLRC3","hurdle",3.78605505598607e-20,-3.29406,-2.514693,0.779367,0.52
"298","LAG3","hurdle",6.10574778390483e-22,-3.032697,-2.196269,0.836428,0.52
"292","KLRC2","hurdle",8.20771692772853e-21,-3.301983,-2.500109,0.801874,0.52
"59","BTLA","hurdle",5.13780352355227e-16,-3.195518,-2.402415,0.793103,0.52
"26","AOAH","hurdle",5.34229186525264e-14,-3.010365,-2.270937,0.739428,0.52
"536","TLE4","hurdle",5.34224021145679e-26,-2.231655,-1.512175,0.71948,0.519
"472","S1PR4","hurdle",6.7730935348256e-17,-3.199055,-2.50374,0.695315,0.519
"431","RBM38","hurdle",5.09255838965216e-19,-2.892438,-2.1257,0.766738,0.519
"384","PIK3CD","hurdle",2.92954976604358e-16,-3.171821,-2.485311,0.68651,0.519
"313","LINC00239","hurdle",5.41461003114369e-21,-3.30537,-2.506078,0.799292,0.519
"264","IL27RA","hurdle",1.65430376776743e-22,-2.667989,-1.910196,0.757793,0.519
"260","IL16","hurdle",8.37848899400139e-11,-2.937682,-2.302499,0.635183,0.519
"256","IKZF2","hurdle",2.41164375585664e-26,-3.002416,-2.053856,0.94856,0.519
"190","FOXN2","hurdle",1.37875131363971e-28,-2.663365,-1.795811,0.867554,0.519
"69","CASS4","hurdle",5.93045933199023e-16,-3.223466,-2.477618,0.745848,0.519
"1","AAK1","hurdle",9.6891282092118e-38,-2.148894,-1.378221,0.770673,0.519
"576","TTN","hurdle",8.07701164100301e-15,-3.158872,-2.438303,0.720569,0.518
"557","TRAF1","hurdle",3.16644192773014e-13,-3.045803,-2.36908,0.676723,0.518
"549","TNFRSF4","hurdle",2.9969682413797e-12,-2.576011,-1.848194,0.727817,0.518
"477","SASH3","hurdle",9.58055290651815e-12,-3.098686,-2.473986,0.6247,0.518
"462","RP5-1028K7.2","hurdle",5.72809412462431e-18,-3.299594,-2.613051,0.686543,0.518
"428","RASGEF1B","hurdle",6.93502340967758e-17,-2.597,-1.893054,0.703946,0.518
"395","PPP1R16B","hurdle",6.38146267765363e-19,-2.95229,-2.174443,0.777847,0.518
"381","PFKFB3","hurdle",3.59677747901745e-30,-2.141725,-1.371795,0.76993,0.518
"380","PDE7A","hurdle",6.72373124484908e-22,-2.557754,-1.757492,0.800262,0.518
"353","NELL2","hurdle",2.19091040866438e-25,-3.072529,-2.282765,0.789764,0.518
"330","MAF","hurdle",2.94190036219624e-23,-2.335552,-1.605946,0.729606,0.518
"241","HS3ST3B1","hurdle",2.07884445929808e-20,-3.245261,-2.452129,0.793132,0.518
"201","GIMAP2","hurdle",3.51616373199385e-39,-2.66421,-1.755893,0.908317,0.518
"155","DTHD1","hurdle",4.12778719647108e-21,-3.315241,-2.613103,0.702138,0.518
"93","CD4","hurdle",4.60056193975826e-13,-2.699379,-2.039081,0.660298,0.518
"25","ANXA2R","hurdle",2.00516418604004e-19,-2.941799,-2.15796,0.783839,0.518
"14","ADAM8","hurdle",1.32814424669395e-18,-3.033986,-2.315733,0.718253,0.518
"573","TSPAN32","hurdle",3.71447005684186e-17,-3.267094,-2.652864,0.61423,0.517
"342","MIR155HG","hurdle",3.5141250501513e-10,-2.870587,-2.178217,0.69237,0.517
"337","MCOLN2","hurdle",1.82785246532099e-15,-3.192569,-2.479532,0.713037,0.517
"318","LINC01550","hurdle",4.03209236171497e-18,-3.21978,-2.535594,0.684186,0.517
"180","FASLG","hurdle",3.05408118007188e-16,-3.314781,-2.662834,0.651947,0.517
"128","CSK","hurdle",7.02342985665933e-20,-2.564838,-1.837011,0.727827,0.517
"29","APBA2","hurdle",4.55219042750007e-16,-3.256934,-2.616986,0.639948,0.517
"2","ABRACL","hurdle",1.2884653653921e-71,-0.9495888,-0.4402692,0.5093196,0.517
"413","PTK2B","hurdle",7.57127746705524e-17,-2.854513,-2.184432,0.670081,0.516
"406","PRMT9","hurdle",1.2737169258326e-20,-2.633195,-1.855838,0.777357,0.516
"332","MALT1","hurdle",1.90147506245631e-25,-2.681721,-1.886804,0.794917,0.516
"286","KCNA3","hurdle",7.88992515323237e-16,-3.294415,-2.616485,0.67793,0.516
"237","HLA-F","hurdle",1.02648967986371e-34,-1.3569115,-0.8192903,0.5376212,0.516
"200","GFI1","hurdle",6.72992387188083e-20,-3.321928,-2.732626,0.589302,0.516
"182","FCRL6","hurdle",4.18861714001629e-18,-3.297146,-2.629454,0.667692,0.516
"174","FAM122C","hurdle",3.94223118238682e-18,-3.080362,-2.341339,0.739023,0.516
"163","EOMES","hurdle",1.00368637607115e-16,-3.313619,-2.672257,0.641362,0.516
"546","TNFRSF18","hurdle",1.10949170622749e-35,-2.493733,-1.585478,0.908255,0.515
"447","RP1-313I6.12","hurdle",6.99665217796579e-24,-2.431037,-1.664581,0.766456,0.515
"391","PLEKHA2","hurdle",1.69738073106148e-15,-2.722399,-2.036934,0.685465,0.515
"348","NABP1","hurdle",1.77082297294107e-29,-1.84577,-1.220059,0.625711,0.515
"317","LINC01281","hurdle",1.78071163989333e-17,-3.321928,-2.699057,0.622871,0.515
"314","LINC00426","hurdle",9.91708538250921e-15,-3.285181,-2.689515,0.595666,0.515
"289","KLHL6","hurdle",6.02583043998535e-11,-3.049268,-2.446148,0.60312,0.515
"284","JMY","hurdle",1.37382958442489e-24,-2.562905,-1.80647,0.756435,0.515
"235","HIST1H4C","hurdle",2.48578149074507e-41,-1.1484425,-0.6407585,0.507684,0.515
"228","HAVCR2","hurdle",2.07211328813828e-10,-2.940225,-2.334434,0.605791,0.515
"195","G3BP2","hurdle",1.17039152305058e-76,-1.4866978,-0.7484246,0.7382732,0.515
"107","CDC14A","hurdle",2.05784884719832e-19,-2.683196,-1.944466,0.73873,0.515
"64","CARD11","hurdle",1.63133261295735e-11,-3.23334,-2.698396,0.534944,0.515
"48","ATP8A1","hurdle",6.81286020062027e-19,-2.944817,-2.203026,0.741791,0.515
"600","ZNF831","hurdle",7.22270894271488e-14,-3.297113,-2.762092,0.535021,0.514
"593","ZEB2","hurdle",2.12720237121896e-23,-1.917075,-1.354963,0.562112,0.514
"574","TSPYL2","hurdle",6.64084066878617e-62,-1.5579774,-0.8158834,0.742094,0.514
"563","TRBV20-1","hurdle",6.37294459946659e-17,-3.316859,-2.479651,0.837208,0.514
"474","SAMD9","hurdle",1.94089833963886e-37,-2.200023,-1.408706,0.791317,0.514
"464","RP6-91H8.3","hurdle",8.5150590699717e-12,-3.2161,-2.596085,0.620015,0.514
"461","RP3-492J12.2","hurdle",1.16472244268475e-15,-3.321928,-2.754152,0.567776,0.514
"434","RCSD1","hurdle",4.33818659328826e-12,-2.483092,-1.939956,0.543136,0.514
"379","PDE4D","hurdle",2.60240992462232e-19,-2.702783,-1.959316,0.743467,0.514
"282","JAKMIP1","hurdle",2.06475630900252e-15,-3.292532,-2.712726,0.579806,0.514
"277","ITGB2-AS1","hurdle",7.11259167248972e-15,-3.235473,-2.579924,0.655549,0.514
"254","IGLV2-8","hurdle",3.26518848254435e-11,-2.977114,-2.193721,0.783393,0.514
"250","IFI44L","hurdle",1.17017280925412e-27,-1.692366,-1.099551,0.592815,0.514
"80","CCR4","hurdle",4.41739708629987e-18,-3.318876,-2.737965,0.580911,0.514
"60","BTN3A1","hurdle",1.30502304441491e-32,-2.618611,-1.746649,0.871962,0.514
"49","ATXN7","hurdle",2.90181611556224e-30,-2.350179,-1.580207,0.769972,0.514
"13","ACRC","hurdle",1.48458261463053e-14,-3.224889,-2.600799,0.62409,0.514
"596","ZNF101","hurdle",7.58910967800959e-19,-2.970207,-2.289415,0.680792,0.513
"595","ZFYVE28","hurdle",3.4700135919813e-13,-3.072135,-2.480866,0.591269,0.513
"582","VAV1","hurdle",2.27682230193018e-10,-3.205737,-2.704296,0.501441,0.513
"579","ULBP2","hurdle",1.83350482484743e-12,-3.169638,-2.579899,0.589739,0.513
"425","RALGAPA1","hurdle",5.8485599063455e-59,-1.740201,-0.9878357,0.7523653,0.513
"397","PPP2R2B","hurdle",1.31625899013843e-11,-3.15794,-2.595981,0.561959,0.513
"359","NLRP3","hurdle",2.12307668849363e-07,-3.002665,-2.444828,0.557837,0.513
"261","IL18R1","hurdle",6.71670546086888e-14,-3.16535,-2.545868,0.619482,0.513
"252","IGHV3-21","hurdle",1.37056901168849e-08,-3.005743,-2.421711,0.584032,0.513
"229","HBB","hurdle",2.38485226323391e-10,-3.161345,-2.447452,0.713893,0.513
"215","GPR18","hurdle",5.23211982405198e-12,-3.267468,-2.70579,0.561678,0.513
"206","GLIPR2","hurdle",8.96106351134855e-16,-2.31712,-1.764391,0.552729,0.513
"192","FXYD7","hurdle",3.51238066117559e-10,-3.255336,-2.74673,0.508606,0.513
"165","EPHA1-AS1","hurdle",7.78496363470889e-15,-3.254963,-2.704873,0.55009,0.513
"140","CYTH4","hurdle",4.35268901635389e-10,-3.062202,-2.523164,0.539038,0.513
"125","CPNE7","hurdle",3.91156283200927e-14,-3.172015,-2.582332,0.589683,0.513
"81","CCR5","hurdle",6.72089391764716e-14,-3.290966,-2.752406,0.53856,0.513
"72","CCDC88B","hurdle",5.66289276306311e-14,-2.989486,-2.386171,0.603315,0.513
"18","AIM2","hurdle",6.1754273530899e-10,-3.094515,-2.542907,0.551608,0.513
"590","ZBTB1","hurdle",4.92019830351192e-33,-2.459547,-1.704548,0.754999,0.512
"583","VPS37B","hurdle",9.64754825199277e-48,-1.926992,-1.147003,0.779989,0.512
"507","SNAI3","hurdle",1.22530384251663e-10,-3.277366,-2.759834,0.517532,0.512
"326","LTA","hurdle",1.69862680092388e-13,-3.300422,-2.762131,0.538291,0.512
"296","KLRK1","hurdle",1.88930096099791e-14,-3.321928,-2.762416,0.559512,0.512
"294","KLRF1","hurdle",1.93270980846695e-13,-3.276513,-2.659866,0.616647,0.512
"139","CYLD","hurdle",4.97659404051701e-34,-2.061185,-1.380303,0.680882,0.512
"110","CHD2","hurdle",1.53261105982204e-66,-1.4420956,-0.7746349,0.6674607,0.512
"27","AP003774.1","hurdle",2.37914646017789e-13,-3.306581,-2.742903,0.563678,0.512
"8","AC017002.1","hurdle",5.08887183078252e-12,-3.259664,-2.69757,0.562094,0.512
"3","AC002331.1","hurdle",1.88930096099744e-14,-3.318853,-2.772603,0.54625,0.512
"581","UTS2","hurdle",1.46494350907604e-12,-3.287346,-2.753612,0.533734,0.511
"442","RIC3","hurdle",1.67040406525621e-14,-2.748286,-2.18562,0.562666,0.511
"262","IL2","hurdle",3.63548307358957e-12,-3.31199,-2.622888,0.689102,0.511
"187","FLT3LG","hurdle",3.30704542044735e-28,-2.589729,-1.835983,0.753746,0.511
"111","CHORDC1","hurdle",7.88709504670697e-56,-1.5434558,-0.8269195,0.7165363,0.511
"5","AC006369.2","hurdle",1.88930096099799e-14,-3.321928,-2.819245,0.502683,0.511
"575","TTC39C","hurdle",1.24274425988045e-30,-2.492722,-1.732058,0.760664,0.51
"566","TRBV7-9","hurdle",1.23437224289146e-12,-3.321928,-2.683602,0.638326,0.51
"560","TRAV13-1","hurdle",4.97331917431795e-12,-3.321928,-2.800206,0.521722,0.51
"538","TMEM154","hurdle",7.87714526300683e-14,-2.938615,-2.34301,0.595605,0.51
"524","SUPT3H","hurdle",1.05177921493205e-18,-2.867611,-2.187667,0.679944,0.51
"516","ST8SIA4","hurdle",4.24773406388804e-09,-2.725632,-2.211307,0.514325,0.51
"444","RNF166","hurdle",2.15228208655025e-15,-2.795638,-2.19929,0.596348,0.51
"374","PCED1B","hurdle",6.28289930767114e-15,-3.006101,-2.388307,0.617794,0.51
"240","HPGD","hurdle",9.81321990495582e-11,-3.120356,-2.570893,0.549463,0.51
"196","GABARAPL1","hurdle",4.48165197301312e-44,-1.774024,-1.083595,0.690429,0.51
"184","FGD3","hurdle",1.9333961800282e-11,-2.947979,-2.405359,0.54262,0.51
"519","STK10","hurdle",8.76735526809e-15,-2.661613,-2.074359,0.587254,0.509
"500","SLC16A7","hurdle",1.35531568200596e-12,-2.861715,-2.318258,0.543457,0.509
"354","NFATC2","hurdle",1.30923537646434e-17,-2.47694,-1.866966,0.609974,0.509
"322","LPIN2","hurdle",5.3054986432682e-32,-2.243903,-1.5308,0.713103,0.509
"320","LMNB1","hurdle",4.58138141202303e-14,-2.963826,-2.365305,0.598521,0.509
"185","FGFBP2","hurdle",1.68217606388096e-11,-3.309748,-2.758648,0.5511,0.509
"156","DUSP10","hurdle",8.78124724288779e-30,-2.328384,-1.634272,0.694112,0.509
"598","ZNF430","hurdle",2.77285941624851e-29,-2.595348,-1.888146,0.707202,0.508
"565","TRBV7-2","hurdle",2.31019455921359e-09,-3.309285,-2.74183,0.567455,0.508
"529","TBC1D4","hurdle",1.68018619119435e-26,-2.413336,-1.724414,0.688922,0.508
"410","PTGDR","hurdle",6.51252800605786e-10,-3.205022,-2.704902,0.50012,0.508
"204","GLCCI1","hurdle",3.55811920016933e-18,-2.770842,-2.133352,0.63749,0.508
"122","CNTRL","hurdle",1.98771975132163e-23,-2.617794,-1.896075,0.721719,0.508
"42","ARHGEF1","hurdle",2.35566055156486e-38,-1.950942,-1.221498,0.729444,0.508
"564","TRBV5-1","hurdle",9.26574910066611e-08,-3.312993,-2.761089,0.551904,0.507
"456","RP11-47L3.1","hurdle",6.14111329289478e-12,-3.106664,-2.583035,0.523629,0.507
"422","RAB8B","hurdle",1.10399037094668e-23,-2.460514,-1.816937,0.643577,0.507
"405","PRKX","hurdle",1.95619439345105e-19,-2.784462,-2.202215,0.582247,0.507
"350","NCK2","hurdle",2.716395702686e-18,-2.421088,-1.842711,0.578377,0.507
"340","METRNL","hurdle",9.08265203201248e-22,-2.440297,-1.765972,0.674325,0.507
"166","EPOR","hurdle",2.33559336518729e-16,-2.874758,-2.236189,0.638569,0.507
"148","DGKA","hurdle",5.78539497215927e-15,-2.792151,-2.246625,0.545526,0.507
"338","MDFIC","hurdle",4.20952487776517e-15,-2.556136,-2.030009,0.526127,0.506
"319","LINS1","hurdle",2.00658600076305e-22,-2.707337,-2.058586,0.648751,0.506
"233","HECA","hurdle",1.55377596027356e-26,-2.462683,-1.788662,0.674021,0.506
"28","AP3M2","hurdle",5.99427566558239e-35,-2.457908,-1.687724,0.770184,0.506
"468","RPS6KA3","hurdle",8.55700826807154e-17,-2.391772,-1.873762,0.51801,0.505
"343","MOB4","hurdle",1.31513965658253e-58,-1.826118,-1.094976,0.731142,0.505
"234","HELB","hurdle",2.17008648386836e-27,-2.494946,-1.831053,0.663893,0.505
"114","CKS2","hurdle",1.09779797371666e-41,-1.059452,-0.557437,0.502015,0.505
"73","CCDC88C","hurdle",5.25914425890315e-17,-2.63529,-2.069104,0.566186,0.505
"364","ODF2L","hurdle",2.73598093210021e-51,-1.5508424,-0.9569557,0.5938867,0.504
"213","GPR155","hurdle",1.09138546780744e-12,-2.885457,-2.363895,0.521562,0.504
"207","GLS","hurdle",1.08265795885063e-26,-1.932894,-1.406507,0.526387,0.504
"58","BTG3","hurdle",1.06479640724602e-37,-1.851654,-1.241554,0.6101,0.504
"45","ASTE1","hurdle",4.44098083169838e-12,-2.883048,-2.363807,0.519241,0.504
"199","GCH1","hurdle",9.27160222844827e-16,-2.674669,-2.160494,0.514175,0.503
"394","PPM1K","hurdle",1.14768320611642e-21,-2.137475,-1.565218,0.572257,0.502
"355","NFKB1","hurdle",2.22727157974675e-33,-2.045371,-1.423174,0.622197,0.502
"285","JOSD1","hurdle",1.77654910394072e-26,-2.217576,-1.642677,0.574899,0.501
"134","CXCL13","hurdle",3.21512762231877e-10,-2.078668,-1.493448,0.58522,0.501
"421","RAB27A","hurdle",1.01602876864669e-27,-2.228293,-1.662729,0.565564,0.5
"344","MPZL3","hurdle",4.88262392883238e-24,-2.652462,-2.111908,0.540554,0.5
"415","PTPN4","hurdle",7.92506566339165e-18,-2.491779,-1.962786,0.528993,0.499
"393","POLR1E","hurdle",6.37753475603964e-23,-2.624885,-2.017825,0.60706,0.499
"175","FAM129A","hurdle",8.6286835427489e-48,-1.711374,-1.127803,0.583571,0.499
"142","DBF4","hurdle",7.60219534774349e-17,-2.566409,-2.053412,0.512997,0.499
"15","ADD3","hurdle",3.05084575445484e-25,-1.880742,-1.37524,0.505502,0.499
"508","SNRPN","hurdle",4.14368659633505e-32,-1.829944,-1.294846,0.535098,0.498
"426","RASA2","hurdle",8.43057033963859e-22,-2.221636,-1.674259,0.547377,0.498
"407","PSMB8-AS1","hurdle",5.63262475776011e-21,-2.456675,-1.924793,0.531882,0.498
"297","KPNA2","hurdle",4.74045886634524e-33,-1.791169,-1.25695,0.534219,0.498
"149","DLGAP1-AS1","hurdle",3.40874610412591e-19,-2.638393,-2.09211,0.546283,0.498
"147","DENND2D","hurdle",3.72661052493076e-31,-2.33468,-1.728588,0.606092,0.498
"144","DEDD2","hurdle",9.85239806930834e-40,-1.952691,-1.334482,0.618209,0.498
"133","CWF19L2","hurdle",4.54637785633839e-21,-2.41982,-1.883514,0.536306,0.498
"517","STAM","hurdle",2.45516851153181e-17,-2.623289,-2.112191,0.511098,0.497
"432","RBPJ","hurdle",3.97194355863074e-64,-1.3269622,-0.7958709,0.5310913,0.497
"515","SSH2","hurdle",5.80330987807245e-25,-2.185272,-1.656164,0.529108,0.496
"383","PHF20","hurdle",2.33844910792782e-61,-1.397101,-0.8578444,0.5392566,0.495
"120","CMC2","hurdle",4.46392253923249e-32,-1.891785,-1.355392,0.536393,0.495
"115","CLDND1","hurdle",1.64388946728038e-32,-1.839284,-1.28286,0.556424,0.495
"230","HCG18","hurdle",1.62211583414942e-23,-2.16886,-1.660955,0.507905,0.493
"78","CCND3","hurdle",1.00689823744785e-35,-1.67281,-1.157533,0.515277,0.493
"376","PDCL3","hurdle",4.12491407204886e-45,-1.728149,-1.174216,0.553933,0.491
"46","ATF7IP","hurdle",4.53575145358406e-26,-2.025279,-1.4971,0.528179,0.489
"119","CMC1","hurdle",4.0340752365251e-39,-1.730235,-1.229532,0.500703,0.475
